rownum,beneficiary,project_title,unit,distribution_level,codes
3347,"SVP, š.p.","Ipeľský Sokolec, protipovodňové opatrenia",Ipeľský Sokolec,lau2,SK023_502375
264,Ministerstvo vnútra SR,Hasičská stanica Sabinov_01,Sabinov,lau1,56
5666,Ministerstvo kultúry SR,Zvyšovanie kvality verejnej správy v Bratislavskom,Bratislava,Bratislava,NULL
604,Za spolužitie,TSP v obci Nižný Žipov,Nižný Žipov,lau2,SK042_528609
175,"SVP, š.p.",Košice - Rekonštrukcia hate Vyšné Opátske,Kosice,Kosice,NULL
2761,"FOR REGION, n.o.",DSS Gemer Rožňava,Rožňava,lau1,54
1554,Ministerstvo vnútra SR,"SOŠ pre žiakov so sluchovým postihnutíím,Kremnica_01",Kremnica,lau2,SK032_516970
5697,N Á D E J Domov dôchodcov a Domov socialnych,Nádej n.o. Zlaté Moravce,Zlaté Moravce,lau1,75
1208,"SVP, š.p.","Dobrá Niva, úprava odtokových pomerov v povodí Dob",Dobrá Niva,lau2,SK032_518298
3256,"ENERGO - BYTOS, s.r.o.",Prechod na výrobu tepla z biomasy v meste Šahy,Šahy,lau2,SK023_502782
1668,"Ing.Helena Melková, Hotel Heľp",88 Prestavba Hotela Heľpa na hotel s wellne,Heľpa,lau2,SK032_508608
4392,"SVP, š.p.",Nová Bystrica - úprava toku Bystrica,Nová Bystrica,lau2,SK031_509311
888,Stredoslovenská vodárenská spoločnosť a.s.,Kanalizácia Vidiná,Vidiná,lau2,SK032_557307
4389,ŽSR,ŽSR Elektrifikácia trate Bánovce Humenné po DÚR,Humenné,lau1,19
2951,TVS a.s.,Kanalizácia Leopoldov a Červeník,"Červeník,Leopoldov",lau2,"SK021_506885,SK021_507253"
1781,Charitatívno-diakonický domov sociálnych služieb,"Charitatívno-diakonický DSS, n.o. vo Svite",Svit,lau2,SK041_523925
5257,Akadémia Vzdelávania,"Súkromná obchodná akadémia, Žilina",Žilina,lau1,79
1155,"Ústredie práce, sociálnych vecí a rodiny",Detský domov Remetské Hámre,Remetské Hámre,lau2,SK042_523003
1565,SSC,"I/51Z Trnava, Nitrianska cesta",Trnava,lau1,70
2709,"VVS,a.s.","Žbince,Dúbravka,Hatalov,Vrbnica -kanalizácia a ČOV","Dúbravka,Vrbnica,Žbince,Hatalov",lau2,"SK042_522406,SK042_523283,SK042_523372,SK042_522431"
2918,ŽSR,4 Záchytné parkoviská pre IDS Bratislava,Bratislava,Bratislava,NULL
5531,Ministerstvo vnútra SR,"Špec.ZŠ Zvolen, KŠÚ BB_01",Zvolen,lau1,76
3166,Domov dôchodcov TEREZA n.o.,"Zariadenie pre seniorov DD TEREZA, Novosad",Novosad,lau2,SK042_528617
3765,"Národná diaľničná spoločnosť, a.s.",D1 Hubová - Ivachnová  realizácia,"Ivachnová,Hubová",lau2,"SK031_507300,SK031_510441"
1049,Ján Volkai,Čeľovce - chovný kaprový rybník,Čeľovce,lau2,SK042_528242
3475,Ministerstvo vnútra SR,KRHaZZ v Prešove_ HaZZ Giraltovce_01,Prešov,lau1,49
2267,Stredoslovenská vodárenská spoločnosť a.s.,ČOV Veľký Krtíš - intenzifikácia ČOV,Veľký Krtíš,lau1,73
4815,Žilinska univerzita v Žiline,UVP ŽU Žilina,Žilina,lau1,79
1333,KŠÚ v Trnave,OU Hlohovec,Hlohovec,lau1,18
3644,"VVS,a.s.",Snina ČOV - zvýšenie kapacity,Snina,lau1,60
651,"Národná diaľničná spoločnosť, a.s.","R2 Zvolen, východ - Pstruša realizácia",Zvolen,lau1,76
4816,"AQUA SLEEP, s.r.o.",Rozšírenie penziónu AQUA SLEEP - Veľký Meder,Veľký Meder,lau2,SK021_501522
2422,Ministerstvo vnútra SR,Žiar nad Hronom HaZZ (BB)_01,Žiar nad Hronom,lau1,78
1497,Ministerstvo vnútra SR,Špeciálna Základná škola v Poprade_01,Poprad,lau1,47
3726,Ministerstvo vnútra SR,OUI Valaská Kšú BB_01,Valaská,lau2,SK032_509086
5165,PVS a.s.,Dobud. kanal. a ČOV v aglom. Hôrka a Švábovce,"Švábovce,Hôrka",lau2,"SK041_523950,SK041_523488"
3351,Ministerstvo vnútra SR,HaZZ Stropkov_01,Stropkov,lau1,64
3827,"Ministerstvo dopravy, výstavby a re",Posúdenie cestného prepojenia Chocholná-Velčice,Chocholná-Velčice,lau2,SK022_506087
2280,Optima consulting s. r. o.,Drevenice Terchová - dostavba komplexu c,Terchová,lau2,SK031_518042
2738,Ministerstvo vnútra SR,KRHaZZ Prešov_hasičská stanica v Raslaviciach_01,Prešov,lau1,49
4027,ŽSR,TIOP Bratislava,Bratislava,Bratislava,NULL
3645,Ministerstvo kultúry SR,Múzeum Andreja Kmeťa v Martine,Martin,lau1,35
1946,"SVP, š.p.",Protipovodňová ochrana a regulácia rieky Poprad,Poprad,lau1,47
2633,Ministerstvo obrany SR,Sanácia env. záťaže MO SR - Nemšová,Nemšová,lau2,SK022_506281
2352,"SVP, š.p.","Stará Ľubovňa, Nová Ľubovňa - protipovod",Stará Ľubovňa,lau1,63
5526,"BEBOSTAV, s.r.o.",Penzión Daniella Veľký Lipník - rozšírenie a skval,Veľký Lipník,lau2,SK041_527076
1904,KR Hasičského a záchr. zboru v PO,Hasičská stanica Spišská Stará Ves,Spišská Stará Ves,lau2,SK041_523836
4604,EUROCOM & Co. s.r.o.,Rekonštrukcia národnej kultúrnej pamiatky - Orlové,Orlov,lau2,SK041_526941
100,SSC,I/66 Polomka - bodová závada,Polomka,lau2,SK032_508900
3640,"SVP, š.p.",Bardejov -  ochrana pred povodňami na rieke Topľa,Bardejov,lau1,4
2885,LVS,"Výstavba kanalizácie Bobrovec, Jalovec, Trstené","Jalovec,Trstené,Jalovec,Bobrovec",lau2,"SK031_510513,SK031_511072,SK022_557714,SK031_510327"
401,KRHZZ v Trnave,Veľký Meder HaZZ TT,Veľký Meder,lau2,SK021_501522
528,Stredoslovenská vodárenská spoločnosť a.s.,Aglomerácia Sebedražie - kanalizácia,Sebedražie,lau2,SK022_514373
214,Ministerstvo vnútra SR,Rekonštrukcia a prístavba HS Liptovský Mikuláš,Liptovský Mikuláš,lau1,32
2146,Ministerstvo vnútra SR,HS Zvolen KR BB_01,Zvolen,lau1,76
249,"TURVOD, a.s.","Martin – Ostredok, vodovod",Martin,lau1,35
3559,KR Hasičského a záchr. zboru v PO,Hasičská stanica Sabinov,Sabinov,lau1,56
2690,Krajské riaditeľstvo HaZZ v BB,HS Rimavská Sobota,Rimavská Sobota,lau1,53
4639,"Gajdoš-Consulting Engineers, s.r.o.",Malá vodná elektráreň na  Váhu Trnovec - ,Trnovec,lau2,SK021_504912
4109,"Národná diaľničná spoločnosť, a.s.",R1 Žarnovica – Šášovské Podhradie,Žarnovica,lau1,77
2877,Ministerstvo vnútra SR,HS Rimavská Sobota_01,Rimavská Sobota,lau1,53
931,"VVS,a.s.","Valaliky, Geča  – kanalizácia","Geča,Valaliky",lau2,"SK042_521370,SK042_522139"
2079,Ministerstvo vnútra SR,HaZZ Veľký Krtíš_01,Veľký Krtíš,lau1,73
2631,Martin Weiner,"Aquakultúra „LODENICA"" Varín",Varín,lau2,SK031_518069
5135,"RJ Development, a.s.",FV systém 3366 kWp Brezová pod Bradlom,Brezová pod Bradlom,lau2,SK022_504262
2500,TVS a.s.,Prívod vody Trnava – Križovany nad Dudváhom 2,Trnava,lau1,70
4100,"SVP, š.p.",VD Kráľová - stabilizácia ĽOH,Kráľ,lau2,SK032_515078
3060,Ministerstvo vnútra SR,Spojená škola Poprad_01,Poprad,lau1,47
1100,"1. Tatranská, akciová spoločnosť",Park Snow Vysoké Tatry,Vysoké Tatry,lau2,SK041_560103
1087,"Národná diaľničná spoločnosť, a.s.",D2 Zelený most - Moravský Svätý Ján,Moravský Svätý Ján,lau2,SK021_504572
2205,Ministerstvo vnútra SR,Dubnica nad Váhom (Hazz TN)_01,Dubnica nad Váhom,lau2,SK022_513016
1837,"FLH ENALCO - SQ, s.r.o.",Kogenerácia Palárikovo,Palárikovo,lau2,SK023_503452
2749,Krajské riaditeľstvo HaZZ v BB,HZ Detva,Detva,lau1,13
2755,Ministerstvo kultúry SR,Zámok Bojnice,Bojnice,lau2,SK022_513903
2667,Masarykovo muzeum Hodonín,"Společný návrat do 18. století prostřednictvím F. Š. Lotrinského, pána Hodonína a Holíče",Holíč,lau2,SK021_504378
3373,EVPÚ a.s.,Účasť spoločnosti EVPÚ a.s. Nová Dubnica na výstav,Nová Dubnica,lau2,SK022_513440
3121,Ministerstvo vnútra SR,HS Nové Zámky,Nové Zámky,lau1,42
1483,SSC,I/50 Trhovište - rekonštrukcia vozovky,Trhovište,lau2,SK042_523186
3753,MŽP  SR,Sanácia environ. záťaží na lok. Trenčianskeho kraj,Trenč,lau2,SK032_557340
642,"RYBÁRSTVO KLÁŠTOR, s.r.o.",Rybárstvo Kláštor pod Znievom,Kláštor pod Znievom,lau2,SK031_512354
1912,KR Hasičského a záchr. zboru v PO,Medzilaborce HaZZ,Medzilaborce,lau1,36
5291,"MOUNTAIN GATE Suites & Spa, s. r. o",Renovácia hotela Šport Donovaly,Donovaly,lau2,SK032_508560
2687,"Národná diaľničná spoločnosť, a.s.",Projektová príprava projektov D a R - D1 Prešov,Prešov,lau1,49
190,"SVP, š.p.",Rekonštrukcia čerpacej stanice Kopčany,Kopčany,lau2,SK021_504459
3741,"Nemocnice a polikliniky, a.s.",Nemocnica Rimavská Sobota_01,Rimavská Sobota,lau1,53
1258,"SVP, š.p.","Oravský Biely potok-Studený potok, stabiliz.koryta",Biel,lau2,SK042_528145
5410,"Národná diaľničná spoločnosť, a.s.",D1 Studenec - Beharovce,"Beharovce,Studenec",lau2,"SK041_526380,SK041_543641"
94,"TGI, s.r.o.","Rekonštrukcia objektov Košická 16 a 17, Levoča",Kosice,Kosice,NULL
4296,ŽSR,Dostavba zriaď. stanice Teplička a uzla Žilina-PD,Žilina,lau1,79
1195,"BAMAX plus, s.r.o.","Hotel Alfa, Nová Dubnica",Nová Dubnica,lau2,SK022_513440
3978,KR HaZZ KE,HS Sobrance KR Košice,Kosice,Kosice,NULL
5079,"ZLH Plus, a.s.",Environm.inovácia výrob. procesu zlivearne Hronec,Hronec,lau2,SK032_508667
4821,ŽSR,Modernizácia železničnej trate - Beluša - Púchov ,Púchov,lau1,51
4616,Ministerstvo vnútra SR,HaZZ Revúca KR BB_01,Revúca,lau1,52
5605,ŽSR,"ŽSR, Žilina Teplička zriaďovacia stanica",Žilina,lau1,79
807,"GEMCASS PROGRESS, s.r.o.",Uzovská Panica slnečná fotovoltaická elektráreň,Uzovská Panica,lau2,SK032_515701
3195,KRHZZ v Trnave,Holíč HaZZ TT,Holíč,lau2,SK021_504378
3465,"Národná diaľničná spoločnosť, a.s.","D1 Lietavská Lúčka – Višňové – Dubná Skala, I.fáza","Višňové,Lietavská Lúčka",lau2,"SK031_518093,SK031_557935"
510,Rímskokatolícka cirkev Biskupstvo Spišské Podhradi,"Modernizácia CZŠ Sv. Gorazda, Námestovo",Námestovo,lau1,39
5684,"Národná diaľničná spoločnosť, a.s.",R2 Pstruša – Kriváň,Kriváň,lau2,SK032_518549
943,"SVP, š.p.",Poltár-ochranné opatrenia na potoku Polt,Poltár,lau1,46
711,"ZA-real rent, s.r.o.",Jazdecký areál Brezany ,Brezany,lau2,SK031_547557
1917,ŽSR,Modernizácia žel. trate Liptovský Mikuláš-Poprad,"Poprad,Liptovský Mikuláš",lau1,"47,32"
42,"Službyt, spol. s r.o.",Rekonštrukcia mestskej výhrevne Senica,Senica,lau1,58
1897,Ministerstvo vnútra SR,HS Krompachy,Krompachy,lau2,SK042_543268
3900,KRHZZ v Trnave,HaZZ TT - Sereď,Sereď,lau2,SK021_504009
5268,"Národná diaľničná spoločnosť, a.s.",D1 Fričovce - Svinia,"Fričovce,Svinia",lau2,"SK041_524409,SK041_525171"
4221,Fakultná nemocnica s poliklinikou J. A. ,FNsP J.A.Reimana Prešov - Internistický monoblok,Prešov,lau1,49
2683,EZEX s.r.o.,Hotel Ambassador Košice,Kosice,Kosice,NULL
3082,"Pohoda seniorov,n.o.","Pohodo seniorov, n.o., Galanta",Galanta,lau1,16
4931,Rímskokatolícka cirkev Biskupstvo Spišské Podhradi,Rekonštrukcia ZŠ Smižany sv. Kríža,Smižany,lau2,SK042_560154
3522,"ELEMONT, s.r.o.",Kompostáreň bioodpadu Záhorce,Záhorce,lau2,SK032_516546
2996,"VVS,a.s.",Dobudovanie stokových sietí v aglomerácii Bardejov,Bardejov,lau1,4
5275,Ministerstvo vnútra SR,"Rekonštrukcia, prístavba a modernizácia Lipany ",Lipany,lau2,SK041_524778
1630,ŽSR,"TEŠ, EIA trate Leopoldov - Nitra - Šurany ",Nitra,lau1,40
1121,ŽSR,"Elektrifikácia Haniska – Moldava mesto, PD",Haniska,lau2,SK042_521400
4149,Miroslav Florek,Skvalitnenie služieb v SKI Krušetnica,Krušetnica,lau2,SK031_509779
1078,Ministerstvo vnútra SR,ŠZŠ internátna Trenčín_01,Trenčín,lau1,69
1561,ÚSMEV DSS n.o.,"Centrum soc. služieb, Úsmev n.o., Zlaté Moravce",Zlaté Moravce,lau1,75
2499,Ministerstvo vnútra SR,SOŠ Policajneho zboru Košice,Kosice,Kosice,NULL
4664,Zariadenie pre seniorov-Domov soc.služ.,"ZpS a DDS Tulipán, n.o. Považská Bystrica",Považská Bystrica,lau1,48
2824,HSP,Vytvor.a over.fungovania soc.podniku v okr. Brezno,Brezno,lau1,10
1133,Ministerstvo vnútra SR,HS Dobšiná,Dobšiná,lau2,SK042_525634
2612,"VVS,a.s.","Krásnovce, Šamudovce - kanalizácia","Krásnovce,Šamudovce",lau2,"SK042_522651,SK042_523151"
697,"D.J.D., spol. s r.o.",101 Apartmánové domy Štiavnické Bane,Štiavnické Bane,lau2,SK032_517283
121,"Národná diaľničná spoločnosť, a.s.",D1 Hričovské Podhradie - Lietavská Lúčka,"Lietavská Lúčka,Hričovské Podhradie",lau2,"SK031_557935,SK031_547590"
3604,Rímskokatolícka cirkevŽilinská diecéza,"Rekonštrukcia ZŠ sv. Augustína, Považská Bystrica",Považská Bystrica,lau1,48
4702,Stredoslovenská vodárenská spoločnosť a.s.,Banská Štiavnica -odkanalizovanie ul. SNP a 8.mája,Banská Štiavnica,lau1,3
5045,Masarykovo muzeum Hodonín,Archeopark Mikulčice-Kopčany – Zachování životního prostředí a krajiny,Kopčany,lau2,SK021_504459
2813,Gymnazium,Odborná profilácia Gymnázia v Kráľovskom Chlmci ,Kráľ,lau2,SK032_515078
3702,ŽSR,Verejný terminál intermodálnej prepravy Leopoldov,Leopoldov,lau2,SK021_507253
1430,"TURVOD, a.s.",Martin - Odkanalizovanie MČ Tomčany,Martin,lau1,35
1763,"PKB invest, s.r.o.","Hotel Dukla, Svidník - rekonštrukcia a m",Svidník,lau1,65
4771,PSI Jazmín,Komunitná práca v okrese Topoľčany,Topoľčany,lau1,67
5519,Zarnovica,ZŠ Žarnovica,Žarnovica,lau1,77
5559,"BYTES, s.r.o.",Centrálny tepelný zdroj na biomasu - Detva,Detva,lau1,13
4169,"SYNOT GASTRO SLOVAKIA, s.r.o.",hotel Tatra Trenčín,Trenčín,lau1,69
1639,"SVP, š.p.","Veľké Kozmálovce, usmernenie povodňových",Veľké Kozmálovce,lau2,SK023_581160
898,Stredoslovenská vodárenská spoločnosť a.s.,Hlinické Pohronie – časť Horná Ždaňa,Horná Ždaňa,lau2,SK032_516791
2309,SSC,I/77 Bardejov juhozápadný obchvat - 1.fáza,Bardejov,lau1,4
3712,Stredoslovenská vodárenská spoločnosť a.s.,"Malachov - Kanalizácia, II. etapa",Malachov,lau2,SK032_580244
5614,"Ústredie práce, sociálnych vecí a rodiny","Detský domov Martin, ÚPSVaR_01",Martin,lau1,35
3279,SSC,"I/79 Trebišov - Veľaty, rekonštrukcia",Trebišov,lau1,68
2103,Krajské riaditeľstvo HaZZ v BB,HaZZ Revúca KR BB,Revúca,lau1,52
1578,Patrik Šuchta - EUROSTAV,Zhodnoc. stav. odpadov v meste Michalovce a okolí,Michalovce,lau1,37
3359,ŽSR,Čadca št. hranica - Krásno nad Kysucou (mimo),Čadca,lau1,12
381,ŽSR,"ŽSR,Modernizácia žel.trate TT-Ilava-Beluša",Ilava,lau1,20
933,"Ústredie práce, sociálnych vecí a rodiny",Detský domov Šarišské Michaľany,Šarišské Michaľany,lau2,SK041_525235
3527,Ministerstvo vnútra SR,Stará Ľubovňa HaZZ (PO)_01,Stará Ľubovňa,lau1,63
4299,KRHZZ v Nitre,HaZZ Komárno,Komárno,lau1,22
146,IMMOBAU s.r.o.,Ski Jezersko - Bachledova dolina,Jezersko,lau2,SK041_523569
1892,SSC,"I/66 Brezno - obchvat, I.etapa",Brezno,lau1,10
3583,Masarykovo muzeum Hodonín,Archeologický park Mikulčice - Kopčany,Kopčany,lau2,SK021_504459
4161,"LL real invest, s.r.o.","business House Mikado, Nitra",Nitra,lau1,40
3750,KŠÚ  KE,Gymnázium M.R.Štefánika Košice,Kosice,Kosice,NULL
1266,SSC,I/75 Veľký Krtíš – Pôtor Sanácia,Veľký Krtíš,lau1,73
1125,Krajské riaditeľstvo HaZZ v BB,Žiar nad Hronom HaZZ (BB),Žiar nad Hronom,lau1,78
5304,Ministerstvo vnútra SR,Rekonštrukcia Hasičskej stanice Vráble,Vráble,lau2,SK023_500933
4440,KR HaZZ v Žiline,Bytča (Hazz ZA),Bytča,lau1,11
5039,KR Hasičského a záchr. zboru v PO,HaZZ Holčíkovce KR HaZZ Prešov,Prešov,lau1,49
3975,Ministerstvo kultúry SR,Rekonštrukcia objekut MŠ Banská Bystrica,Banská Bystrica,lau1,2
1585,"SANAT, spol. s r.o.",Rekon. a moder. budovy B polikliniky SANAT Levice,Levice,lau1,30
2916,SSC,I/61 Ladce - most 080,Ladce,lau2,SK022_513296
1235,"RSP, n.o.",Vytvor.a over.fungovania sociál.podniku-okr.Revúca,Revúca,lau1,52
463,KRHZZ v Nitre,HaZZ Topoľčany KR Nitra,"Nitra,Topoľčany",lau1,"40,67"
5262,Stredoslovenská vodárenská spoločnosť a.s.,Brezno- zrušenie výusti II. etapa,Brezno,lau1,10
2405,Moravský Sv. Ján,OHZ Moravský Svätý Ján,Moravský Svätý Ján,lau2,SK021_504572
1987,Ministerstvo vnútra SR,Hasičská stanica Sobrance,Sobrance,lau1,61
4559,"STAMART REAL, s.r.o.",TEAM BUILDING ACTIVITY Martin,Martin,lau1,35
1356,Ministerstvo vnútra SR,Rekonštrukcia a prístavba Hasičskej stanice Čadca,Čadca,lau1,12
690,Arcidiecézna charita KE,Terénna sociálna sieť v meste Košice ,Kosice,Kosice,NULL
3047,"Služby pre seniorov, n.o.",Zariadenie sociálnych služieb Kajal,Kajal,lau2,SK021_503843
3606,VALIGA O.S.S.,Modernizácia strediska Ski Krahule,Krahule,lau2,SK032_516961
203,"SVP, š.p.",Košice-rekonštrukcia hate Vyšné Opátske,Kosice,Kosice,NULL
4143,EUROSUPPORT s.r.o.,Výstavba malej vodnej elektrárne Strážske,Strážske,lau2,SK042_523101
2129,Rímskokatolícka cirkev Biskupstvo Spišské Podhradi,ZŠ s MŠ sv. Kríža Kežmarok,Kežmarok,lau1,21
3715,ŽSR,Modernizácia trate Žilina-Košice LM-PP,Kosice,Kosice,NULL
4303,Ministerstvo kultúry SR,Regionálne centrum Košice,Kosice,Kosice,NULL
1938,"SVP, š.p.",Kopčany - Hodonín - spoločné protipovodňové opatrenia na oboch brehoch Moravy,Kopčany,lau2,SK021_504459
4432,Adam Novák - ADAM,Rekonštukcia haly v Bardejove,Bardejov,lau1,4
4183,Ministerstvo vnútra SR,Medzilaborce HaZZ_01,Medzilaborce,lau1,36
17,"Ryba, s.r.o.",Ryba Bratislava ,Bratislava,Bratislava,NULL
1736,KŠÚ  KE,SŠI Michalovce,Michalovce,lau1,37
1115,Ministerstvo vnútra SR,Rekonštrucia HS Galanta,Galanta,lau1,16
2658,"PVS, a.s.",ČOV a kanal. Ilava,Ilava,lau1,20
2143,Miroslav Šimon Autodoprava,MVE Poruba pod Vihorlatom,Poruba pod Vihorlatom,lau2,SK042_522945
4692,Ľudovít Végh - MONTEX,Rozšírenie a rekonštrukcia vodnej plochy Trávnik,Trávnik,lau2,SK023_501379
4251,"Ústredie práce, sociálnych vecí a rodiny","DeD Sereď, ÚPSVR Trnava_01",Trnava,lau1,70
3564,"Vranovská nemocnica, a.s.",NSP Stropkov_01,Stropkov,lau1,64
484,Stredná odborná škola dopravná,Moderné vzdelávanie – SOŠ Dopravná v Prešove,Prešov,lau1,49
5296,"Národná diaľničná spoločnosť, a.s.",Diaľničný privádzač Nová Polhora,Nová Polhora,lau2,SK042_521795
195,"SVP, š.p.","VS Teplý Vrch, rekonštrukcia bezpečnostn. priepadu",Teplý Vrch,lau2,SK032_515671
3852,FNsP F.D.Roosevelta,Komplexná R - FNsP F.D.Roosevelta -Banská Bystrica,Banská Bystrica,lau1,2
2038,Ministerstvo vnútra SR,Myjava HaZZ (TN)_01,Myjava,lau1,38
4264,"LL real invest, s.r.o.","Hotel Mikado, Nitra – vytvorenie pracovných miest",Nitra,lau1,40
1556,Ministerstvo vnútra SR,Rekonštrukcia Hasičskej stanice Levice,Levice,lau1,30
951,"EKOLOGICKÁ ENERGETIKA, a.s.",Energetický zdroj pre sídlisko Sásová-Rudlová,Rudlov,lau2,SK041_529079
743,Horská záchranná služba,HZS Donovaly,Donovaly,lau2,SK032_508560
1598,ŽSR,"TIOP Trebišov, projektová dokumentácia (EIA, DSZ)",Trebišov,lau1,68
3708,Krajské riaditeľstvo HaZZ v BB,HS Zvolen KR BB,Zvolen,lau1,76
1838,Ministerstvo vnútra SR,HaZZ Holčíkovce KR HaZZ Prešov_01,Prešov,lau1,49
2475,ŽSR,Verejný terminál intermodálnej prepravy Košice DUR,Kosice,Kosice,NULL
2178,KOMVAK,Rozšírenie a intenzifikácia ČOV Komárno 2013,Komárno,lau1,22
631,ZÁMOK VIGĽAŠ s. r. o.,Zámok Vígľaš,Vígľaš,lau2,SK032_518921
2615,"SVP, š.p.",Lietavská Lúčka - úprava Pastierske,Lietavská Lúčka,lau2,SK031_557935
1603,KR Hasičského a záchr. zboru v PO,HS Lipany KR v Prešove,Prešov,lau1,49
4997,SSC,"I/68 Prešov, odb. Škultétyho - ZVL",Prešov,lau1,49
2033,"Ministerstvo dopravy, výstavby a re",Posúdenie ukazovateľov v oblasti Košíc,Kosice,Kosice,NULL
1786,Súkromná základná škola Tomáša Zanovita,Súkromná ZŠ T. Zanovita Martin,Martin,lau1,35
4202,Stredoslovenská vodárenská spoločnosť a.s.,ČOV Detva-intenzifikácia,Detva,lau1,13
4426,Stredoslovenská vodárenská spoločnosť a.s.,Poltár - kanalizácia a intenzifikácia ČOV,Poltár,lau1,46
1013,Ministerstvo vnútra SR,Šurany Hazz (NR)_01,Šurany,lau2,SK023_503592
5388,Stredoslovenská vodárenská spoločnosť a.s.,"Brezno - kanalizačné zberače A a H, zruš",Brezno,lau1,10
1394,SSC,I/77 Gerlachov - rekonštrukcia cesty,Gerlachov,lau2,SK041_519189
271,"Národná diaľničná spoločnosť, a.s.","D1 Turany - Hubová, projektová príprava","Turany,Hubová",lau2,"SK031_512681,SK031_510441"
776,"SVP, š.p.","Ilava - úprava Podhradského potoka, I. etapa",Ilava,lau1,20
4655,Ministerstvo vnútra SR,KRHaZZ BB  Fiľakovo_01,Fiľakovo,lau2,SK032_511391
5459,Krajské riaditeľstvo HaZZ v BB,KRHaZZ BB  Fiľakovo,Fiľakovo,lau2,SK032_511391
4124,Národný ústav reumatických chorôb,Technologická rekon. a moder. NURCH Piešťany,Piešťany,lau1,45
4322,KOMVAK,"Komárno – rozšírenie kanalizácie, Alžbetin ostrov",Komárno,lau1,22
2944,EKO – LAND s.r.o.,Polina – chov rýb,Polina,lau2,SK032_515311
3762,Ministerstvo vnútra SR,Hasičská stanica Bánovce nad Bebranou_01,Bánov,lau2,SK023_503045
2522,Ministerstvo vnútra SR,HZ Rožňava_01,Rožňava,lau1,54
477,"Stredisko ""útulok Dom na pol ceste""",Dom na pol ceste Veľký Slavkov,Veľký Slavkov,lau2,SK041_524018
4562,SSC,I/59 Dolný Kubín (Medzihradie - Kňažia) (TEN-T),Dolný Kubín,lau1,14
3178,"SeVAK, a.s.",SČOV Žilina - intenzifikácia,Žilina,lau1,79
158,"SVP, š.p.",Slatina - Polder,Slatina,lau2,SK023_502740
4119,"MATRIX SLOVAKIA, s.r.o.",Zberný dvor Levoča,Levoča,lau1,31
3113,SSC,"I/72 Zbojská, sedlo - Tisovec, ","Zboj,Tisovec",lau2,"SK041_521051,SK032_515680"
5248,Krajné,ZŠ s MŠ Krajné,Krajné,lau2,SK022_506150
3754,Rímskokatolícka cirkevŽilinská diecéza,"Modernizácia CZŠ R. Zaymusa, Žilina",Žilina,lau1,79
3270,"1. Tatranská, akciová spoločnosť",PARK SNOW Vysoké Tatry ,Vysoké Tatry,lau2,SK041_560103
398,Ministerstvo vnútra SR,Hasičská stanica Košice Šaca_01,Kosice,Kosice,NULL
2583,"Nemocnice a polikliniky, a.s.",Všeobecná nemocnica v Žiari nad Hronom_01,Žiar,lau2,SK032_515833
3879,"SVP, š.p.",Zemplínska Šírava - Rekonštrukcia bezpeč,Zemplín,lau2,SK042_543993
2900,UPJŠ v KE,Modernizácia IKT na UPJŠ v Košiciach a rekonštrukc,Kosice,Kosice,NULL
4065,"VVS,a.s.",Mesto Revúca - mestská časť Revúčka 2014,Revúca,lau1,52
4001,ŽSR,IDS IKD stavby Košice,Kosice,Kosice,NULL
2374,Krajské riaditeľstvo HaZZ v BB,Has. stanica Banská Štiavnica,Banská Štiavnica,lau1,3
209,Ministerstvo vnútra SR,HaZZ Hnúšťa KR BB_01,Hnúšťa,lau2,SK032_514829
129,Ministerstvo vnútra SR,Bytča (Hazz ZA)_01,Bytča,lau1,11
5223,EMGE CONSULT s.r.o.,Multifunkčný areál vodných športov Námestovo,Námestovo,lau1,39
4390,"EUROCOM Investment, s.r.o.",Gino Paradise Bešeňová I. etapa,Bešeňová,lau2,SK031_510301
1850,KRHZZ v Nitre,KR HaZZ NR Šaľa,Šaľa,lau1,66
4364,"SVP, š.p.","Kluknava – Dolinský potok, III. etapa",Kluknava,lau2,SK042_543233
669,"Ministerstvo dopravy, výstavby a re",Študia TIP na západ. Slovensku a v Bratislave,Bratislava,Bratislava,NULL
779,HEART,HEART Nitra - Nové diagnost. metódy (srdce),Nitra,lau1,40
1039,Ministerstvo vnútra SR,HS Zlaté Moravce,Zlaté Moravce,lau1,75
2117,Ministerstvo vnútra SR,HS Kúty (KR HaZZ TT)_01,Kúty,lau2,SK021_504513
4343,KRHZZ v Trnave,HS Kúty (KR HaZZ TT),Kúty,lau2,SK021_504513
2096,"PARACELSUS, s.r.o.",Modernizácia polikliniky v Žiline na Bratislavskej,Bratislava,Bratislava,NULL
4080,Ministerstvo kultúry SR,Štátna vedecká knižnica v Košiciach ,Kosice,Kosice,NULL
5387,"SVP, š.p.","Kalinovo-úprava Ipľa,r.km 174,854-175,325 (DS 05)",Kalinovo,lau2,SK032_511471
684,ŽSR,"Modernizácia PPS Čierna nad Tisou, 1.etapa",Čierna nad Tisou,lau2,SK042_528293
3051,Základná škola s materskou školou,Inovácia vzdelávania ZŠ s MŠ Šuňava,Šuňava,lau2,SK041_524107
5072,"GESTUS Investments, s.r.o.",Fotovoltická solárna elektráreň Malá Domaša,Malá Domaša,lau2,SK041_528846
1432,"SVP, š.p.",Kružlov- protipovodňové opatrenia v intr,Kružlov,lau2,SK041_519421
3930,velky meder,Inštalácia tepelného čerpadla v MŠ - Veľký Meder,Veľký Meder,lau2,SK021_501522
3829,KR HaZZ KE,HS Veľké Kapušany KR Košice,Kosice,Kosice,NULL
3616,Stredoslovenská vodárenská spoločnosť a.s.,Fiľakovo - intenzifikácia a rozšírenie ČOV II,Fiľakovo,lau2,SK032_511391
1494,"Ústredie práce, sociálnych vecí a rodiny",Kolárovo,Kolárovo,lau2,SK023_501204
1651,SSC,"I/51 Trnava - severný obchvat, II. a III. etapa",Trnava,lau1,70
2759,Stredoslovenská vodárenská spoločnosť a.s.,Aglomerácia Kanianka - kanalizácia,Kanianka,lau2,SK022_514071
1209,ZOO Hodonín,Informační systém ZOO Hodonín - ZOO Bojnice,Bojnice,lau2,SK022_513903
2593,Ministerstvo vnútra SR,Hasičská stanica Ľubotín_01,Ľubotín,lau2,SK041_526878
1303,Ministerstvo vnútra SR,Rekonštrukcia Hasičskej stanice Kolárovo,Kolárovo,lau2,SK023_501204
5681,Stredoslovenská vodárenská spoločnosť a.s.,Tisovec - intenzifikácia ČOV,Tisovec,lau2,SK032_515680
1377,KRHZZ v Trnave,Zariadenie protipovodňového výcviku Horné Orešany,Horné Orešany,lau2,SK021_507067
5461,Ministerstvo vnútra SR,hasičská stanica Kráľovský Chlmec_01,Kráľovský Chlmec,lau2,SK042_528447
358,"TURVOD, a.s.",Necpaly - kanalizácia,Necpaly,lau2,SK031_512478
2084,SSC,"Cesta I/75 Galanta – obchvat, II. stavba",Galanta,lau1,16
3205,Starý Hrozenkov ,Za kulturou do Starého Hrozenkova a Drietomy,Staré,lau2,SK042_523097
1141,ŽSR,1 Štúdia realizovateľnosti - Žilina-Košice-ČnT,Kosice,Kosice,NULL
5297,"Nový domov Vranov n.T. - Lomnica, n",Zariadenie sociálnych služieb v Stropkove,Stropkov,lau1,64
1024,Římskokat. farnost Velehrad,"Velehrad - Trnava, společné kořeny jazuitské kultury a vzdělávání - II. etapa",Trnava,lau1,70
1802,"Národná diaľničná spoločnosť, a.s.",Zvýšenie bezpečnosti D1 Prešov - Budimír,Prešov,lau1,49
4070,"VVS,a.s.",Stropkov - Krušinec - Tisinec - kanalizácia a ČOV,Stropkov,lau1,64
696,"Eurotrend, n.o.",DSS Medzilaborce,Medzilaborce,lau1,36
2224,Fakultná nemocnica s poliklinikou J. A. ,FNsP J.A.Reimana Prešov - Primum non nocere,Prešov,lau1,49
3718,"REA Tatry, s.r.o.",Rozšírenie služieb golfového areálu Kráľ,Kráľ,lau2,SK032_515078
2570,Pokoj v duši n.o.,"ZpS Pokoj v duši, n.o., Považská Bystrica",Považská Bystrica,lau1,48
2553,OU internátne,Nové formy vzdelávania na OUI Valaská,Valaská,lau2,SK032_509086
1103,"Národná diaľničná spoločnosť, a.s.",Zvýšenie bezpečnosti R1 Trnava – Nitra,"Nitra,Trnava",lau1,"40,70"
1739,Rehoľa piaristov,Piaristická spojená škola Prievidza,Prievidza,lau1,50
3277,"Ústredie práce, sociálnych vecí a rodiny",Rekonštrukcia DeD Skalica-UPSVR Trnava_01,"Trnava,Skalica",lau1,"70,59"
3777,LVS,Intenzifikácia ČOV Liptovský Mikuláš,Liptovský Mikuláš,lau1,32
1698,"ASPA-REAL, s.r.o.","Lakovňa ASPA-REAL, Prešov",Prešov,lau1,49
794,ZŠ v Kurime,Kurima,Kurima,lau2,SK041_519456
3872,Ministerstvo vnútra SR,Hasičská stanica v Prešove_01,Prešov,lau1,49
1411,Dům kultury Hodonín,Od léta do zimy společně vy i my - Hodonín - Holíč 2008,Holíč,lau2,SK021_504378
4567,KR HaZZ v Žiline,HaZZ Dolný Kubín KR ZA,Dolný Kubín,lau1,14
3091,"VVS,a.s.",Rakovnica  - vodovod,Rakovnica,lau2,SK042_526126
1748,ŽSR,Terminál intermodálnej prepravy Žilina - EIA,Žilina,lau1,79
4939,"CZŠ s MŠ Sv. Faustíny, Bardejo",Moderná škola Faustína Bardejov,Bardejov,lau1,4
2829,Ministerstvo vnútra SR,HZ Detva_01,Detva,lau1,13
339,Stredoslovenská vodárenská spoločnosť a.s.,Rimavské Brezovo - vodovod,Rimavské Brezovo,lau2,SK032_515451
4353,"SVP, š.p.","Oščadnica - tok Oščadnica, rekonštr.",Oščadnica,lau2,SK031_509345
2417,Ministerstvo vnútra SR,HaZZ TT - Sereď_01,Sereď,lau2,SK021_504009
4421,"SVP, š.p.",Klátova Nová Ves – vybudovanie poldra na Hradskom ,Klátova Nová Ves,lau2,SK022_543047
2009,Ministerstvo vnútra SR,HS Michalovce,Michalovce,lau1,37
4594,ŽSR,Modernizácia trate Žilina – Krásno,Žilina,lau1,79
5261,SGSP,Vytvor.soc.podniku Spiš a Gemer - Rožňava,Rožňava,lau1,54
5346,František Záruba ELZAR,"Rekonštrukcia MVE – Boboty, Dolný Harmanec","Dolný Harmanec,Bobot",lau2,"SK032_508551,SK022_505854"
3027,SSC,"I/75 Galanta - obchvat, 3. stavba",Galanta,lau1,16
4116,"ŽILINSKÁ AUKČNÁ, a.s.",areál Veľké Ripňany,Veľké Ripňany,lau2,SK023_505714
120,"BEVA ISTOTA, n.o.",BEVA ISTOTA n.o. Levice,Levice,lau1,30
3684,MŽP  SR,MŽP - Múzeum Banská Štiavnica_01,Banská Štiavnica,lau1,3
915,Ministerstvo vnútra SR,HS Piešťany_01,Piešťany,lau1,45
2676,Stredoslovenská vodárenská spoločnosť a.s.,Krupina - kanalizácia a ČOV,Krupina,lau1,28
5168,"Národná diaľničná spoločnosť, a.s.",D3 PD Kysucké Nové Mesto - Svrčinovec,Kysucké Nové Mesto,lau1,29
4550,"Imet, a. s.",Obnova a prestavba zámku v Haliči,Halič,lau2,SK032_511421
5471,"Crystal, s.r.o.",Hotel Biele Vody - prístavba bazénovej časti,Biel,lau2,SK042_528145
4563,VKSP,Vytvor.a over.fungov.soc.podniku-okr.Veľký Krtíš,Veľký Krtíš,lau1,73
5121,KR HaZZ KE,HZ Rožňava,Rožňava,lau1,54
5696,Mgr. Martin Pukáč,100 Penzión Zuberec,Zuberec,lau2,SK031_510238
2652,AVANS ,Rekonštrukcia Hradu a kaštieľa Liptovský Hrádok,"Hrádok,Liptovský Hrádok",lau2,"SK022_506052,SK031_510726"
4510,Ministerstvo vnútra SR,HaZZ Topoľčany KR Nitra_01,"Topoľčany,Nitra",lau1,"67,40"
3666,SSC,I/15 Sedliská - Holčíkovce,"Sedliská,Holčíkovce",lau2,"SK041_529141,SK041_528731"
107,"Mestský podnik služieb, s.r.o.",Uzavretie a rekult. skládky Krupina - Biely Kamen ,Krupina,lau1,28
2041,General Administration s.r.o.,Hotel KARAT - Vyšné Ružbachy,Vyšné Ružbachy,lau2,SK041_527092
43,Ministerstvo vnútra SR,Hasičská stanice Snina_01,Snina,lau1,60
1041,Výskumno-realizačný ústav obnoviteľných ,Fotovoltaická elektráreň Kolárovo I. a II.,Kolárovo,lau2,SK023_501204
536,KR Hasičského a záchr. zboru v PO,KRHaZZ v Prešove_ HaZZ Giraltovce,Prešov,lau1,49
5278,SSC,Stavebné a bezpečnostné opatrenia I/73 Š. Štiavnik,Štiavnik,lau2,SK031_518018
2126,velky meder,KC Veľký Meder,Veľký Meder,lau2,SK021_501522
4476,Ministerstvo vnútra SR,Hasičská stanica Partizánske,Partizánske,lau1,43
5035,VALIGA O.S.S.,Ski Krahule ,Krahule,lau2,SK032_516961
2435,Ministerstvo vnútra SR,Špeciálna ZŠ Vranov nad Topľou_01,Vranov nad Topľou,lau1,74
5119,"SVP, š.p.","Plášťovce, protipovod. opatrenia Litava, Krupinica","Plášťovce,Litava",lau2,"SK023_502642,SK032_518611"
5389,"Národná diaľničná spoločnosť, a.s.","R4 Prešov, severný obchvat",Prešov,lau1,49
5063,Rímskokatolícka cirkevŽilinská diecéza,ZŠ sv. Andreja Svorada a Benedikta Skalité,Skalité,lau2,SK031_509451
4576,Ministerstvo vnútra SR,HaZZ Komárno_01,Komárno,lau1,22
4359,Sdružení obcí Hornolidečska,Rozhledny Hornolidečska a Púchovské doliny na kótách 651 m.n.m.,Púchov,lau1,51
3972,"WORLD EXCO, s.r.o.",Kongresové a relaxačné centrum Bešeňová,Bešeňová,lau2,SK031_510301
1349,"Ústredie práce, sociálnych vecí a rodiny",Detský domov Kremnica,Kremnica,lau2,SK032_516970
5019,"Meduška,n.o.","Súkromná MŠ Trnava, Meduška n.o.",Trnava,lau1,70
2588,Ministerstvo vnútra SR,HS Tornaľa,Tornaľa,lau2,SK032_515612
4746,Dušan Muška,Rybné hospodárstvo Polomka,Polomka,lau2,SK032_508900
766,"Rímskokatolícka cirkev, Farnosť Dobrého p",Cirkevná ZŠ s MŠ Žilina,Žilina,lau1,79
2642,PVS a.s.,Dobudovanie a intenzifikácia ČOV Kežmarok 2013,Kežmarok,lau1,21
1056,Investičná Správcovská s.r.o.,"Cestovináreň KUK&FUK, Malá Ida",Malá Ida,lau2,SK042_521655
1696,KRHZZ v Nitre,Šurany Hazz (NR),Šurany,lau2,SK023_503592
2778,ŽSR,"ŽSR, TIOP Trebišov PD (po DÚR)",Trebišov,lau1,68
4731,Ministerstvo vnútra SR,HaZZ Dolný Kubín KR ZA_01,Dolný Kubín,lau1,14
4500,"PVS, a.s.",Zásobovanie a odkanalizov. okr.Púchov-I.etapa 2013,Púchov,lau1,51
2695,Marián Balún  BAPA,Lom Krásna Hôrka – zhodnocovanie stav. odpadu,Hôrka,lau2,SK041_523488
921,KŠÚ v Trnave,Spojená škola Trnava,Trnava,lau1,70
746,ŽSR,"ZSR, Modernizacia žel. trate Krompachy - Kysak","Kysak,Krompachy",lau2,"SK042_521639,SK042_543268"
2213,Ministerstvo obrany SR,Sanácia environmentálnej záťaže po Sov.arm.-Sliač ,Sliač,lau2,SK032_518808
3063,"Vranovská nemocnica, n.o.",NSP Stropkov,Stropkov,lau1,64
791,Stredoslovenská vodárenská spoločnosť a.s.,ČOV Handlová -intenzifikácia,Handlová,lau2,SK022_513997
4236,Ministerstvo vnútra SR,HaZZ Turzovka KR ZA_01,Turzovka,lau2,SK031_509507
4413,"Ministerstvo dopravy, výstavby a re",Posúdenie nákladov projektu TIP Žilina,Žilina,lau1,79
4591,František Laurenčík LA 205,Penzión Lykovec v obci Muráň,Muráň,lau2,SK032_525987
1002,KR Hasičského a záchr. zboru v PO,Hasičská stanica Ľubotín,Ľubotín,lau2,SK041_526878
5246,Mestská ČOV s.r.o.,Mestská ČOV Hlohovec ,Hlohovec,lau1,18
1210,"Nemocnice a polikliniky, n. o.",Všeobecná nemocnica v Žiari nad Hronom,Žiar,lau2,SK032_515833
3066,"Národná diaľničná spoločnosť, a.s.","R4 Prešov, severný obchvat, PD (presun)",Prešov,lau1,49
1314,"Národná diaľničná spoločnosť, a.s.","D1 Bratislava – Senec, 6 pruh, PD",Bratislava,Bratislava,NULL
3834,Stredisko sociálnych služieb,Zariadenie pre seniorov - SSS Kanianka,Kanianka,lau2,SK022_514071
3796,KRHZZ v Nitre,Nitra HaZZ (NR),Nitra,lau1,40
3456,"SVP, š.p.",Banský Studenec - úprava potoka Jasenica,"Jasenica,Banský Studenec",lau2,"SK022_513172,SK032_516651"
2581,Ministerstvo vnútra SR,Hasičská stanica Nová Baňa,Nová Baňa,lau2,SK032_517097
1750,KR Hasičského a záchr. zboru v PO,HS Bardejov KR Prešov,"Bardejov,Prešov",lau1,"4,49"
3965,Stara Bystrica,ZŠ s MŠ Stará Bystrica,Stará Bystrica,lau2,SK031_509477
1623,Rímskokatolícka cirkev Biskupstvo Spišské Podhradi,cirkevná ZŠ Juraja Sklenára Letanovce,Letanovce,lau2,SK042_543284
4786,Gymnázium a SOŠ Slavičín ,Společné poznávání Bílých - Bielych Karpat,Biel,lau2,SK042_528145
4767,Ministerstvo vnútra SR,Hasičská stanica Trebišov,Trebišov,lau1,68
417,"Ústredie práce, sociálnych vecí a rodiny",Detský domov  Veľké Kapušany,Veľké Kapušany,lau2,SK042_543853
3733,KR HaZZ KE,HS Trebišov KRHAZZ KE,Trebišov,lau1,68
575,"VVS,a.s.",Intenzifikácia ČOV Bardejov,Bardejov,lau1,4
2765,Ministerstvo vnútra SR,HS Spišská Nová Ves_01,Spišská Nová Ves,lau1,62
1327,SSC,SBO v Prešovskom kraji,Prešov,lau1,49
2647,Stredoslovenská vodárenská spoločnosť a.s.,Tajov - kanalizácia,Tajov,lau2,SK032_509060
4980,Ministerstvo vnútra SR,"ŠZŠ ul.Bottova, Rimavská Sobota_01",Rimavská Sobota,lau1,53
2937,Krajské riaditeľstvo HaZZ v BB,HaZZ Lučenec KR BB,Lučenec,lau1,33
2135,KR HaZZ v Žiline,HaZZ Turzovka KR ZA,Turzovka,lau2,SK031_509507
395,KŠÚ  KE,ŠZŠ Dobšiná,Dobšiná,lau2,SK042_525634
2932,Ministerstvo vnútra SR,Holíč HaZZ TT_01,Holíč,lau2,SK021_504378
991,KR Hasičského a záchr. zboru v PO,KRHaZZ Prešov_hasičská stanica v Raslaviciach,Prešov,lau1,49
833,CLARITAS n.o.,"DSS a ZpS Dvory nad Žitavou, Claritas n.o.",Dvory nad Žitavou,lau2,SK023_503177
1045,"SVP, š.p.",VD Kráľová-rekonštrukcia pravostrannej hrádze,Kráľ,lau2,SK032_515078
716,Ministerstvo vnútra SR,HS Lučenec,Lučenec,lau1,33
5314,"SVP, š.p.",Harichovce - protipov.opatrenia v intraviláne obce,Harichovce,lau2,SK042_526533
2235,Agentúra sociálnych služieb - ASS n.o.,"ASS, n.o. Dubnica nad Váhom",Dubnica nad Váhom,lau2,SK022_513016
5569,"TURVOD, a.s.","Kanalizácia a ČOV-Turčianske Teplice, Horný Turiec",Turčianske Teplice,lau1,71
1080,"Národná diaľničná spoločnosť, a.s.",Rýchlostná cesta R2 Pstruša - Kriváň,Kriváň,lau2,SK032_518549
23,UNIPHARMA  - 1. slovenská lekárni,Uniklinika Prievidza,Prievidza,lau1,50
4707,Stredoslovenská vodárenská spoločnosť a.s.,Sústava na odkanalizovanie a čistenie OV Prievidza,Prievidza,lau1,50
4718,FOOD FACTORING s.r.o.,Zateplenie objektu OD PRIMA Púchov,Púchov,lau1,51
487,Agentura pro ekon. rozvoj Vsetínska,Trenčiansko-zlínska inovační platforma,Trenč,lau2,SK032_557340
4277,SSC,I/66 Babiná - Dobrá Niva (TEN-T),"Dobrá Niva,Babiná",lau2,"SK032_518298,SK032_518166"
2067,SSC,I/59 Ružomberok-most 062,Ružomberok,lau1,55
584,"REVITAL PLUS, s.r.o.","R a M - poliklinika Revital plus, Snina",Snina,lau1,60
2699,"SeVAK, a.s.",Verejná kanalizácia Rajec,Rajec,lau2,SK031_517917
4454,"Národná diaľničná spoločnosť, a.s.",R4 Košice - Milhosť,Kosice,Kosice,NULL
792,Žilinska univerzita v Žiline,VC ŽU Žilina,Žilina,lau1,79
4951,Fakultná nemocnica s pol.,Modernizácia FNsP Nové Zámky,Nové Zámky,lau1,42
4700,KR HaZZ KE,HaZZ Moldava nad Bodvou,Moldava nad Bodvou,lau2,SK042_521698
5421,Ministerstvo vnútra SR,Nitra HaZZ (NR)_01,Nitra,lau1,40
3787,SOS/BirdLife Slovensko,SPOLOČNÉ BREHY - ochrana ohrozených vtáčích kolónií  na oboch stranách Bielych Karpát,Biel,lau2,SK042_528145
1784,"SVP, š.p.",Utesnenie ĽOH Váhu v úseku Kolárovo - Komoča,"Komoča,Kolárovo",lau2,"SK023_503291,SK023_501204"
5656,"Seniorvital, n.o.","ZpS a DSS, Sabinov, Seniorvital, n.o.",Sabinov,lau1,56
292,"Svet zdravia, a. s.",Nemocnica Rimavská Sobota_02,Rimavská Sobota,lau1,53
5354,KŠÚ  KE,"KŠÚ KE, ŠZŠ Letanovce",Letanovce,lau2,SK042_543284
1574,BYTENERG spol. s r.o.,Medzilaborce - rekonštrukcia ,Medzilaborce,lau1,36
5577,Rímskokatolícka cirkev Biskupstvo Spišské Podhradi,ZŠ s MŠ Stará Ľubovňa,Stará Ľubovňa,lau1,63
4988,COFELY a.s.,Rekonštrukcia tepel.hospodárstva-Brezová p.Bradlom,Brezov,lau2,SK041_519081
5667,Ministerstvo vnútra SR,Hasičská stanica Veľké Kapušany,Veľké Kapušany,lau2,SK042_543853
405,ŽSR,"ŽSR, Elektrifikácia trate Haniska – Moldava PD",Haniska,lau2,SK042_521400
5663,"VVS,a.s.","Komárany, Nižný Kručov - kanal., vodovod","Nižný Kručov,Komárany",lau2,"SK041_528927,SK041_528790"
4719,"SVP, š.p.","Suchohrad, dotesn.podlož.nábrež.múru-19.657-20.309",Suchohrad,lau2,SK010_508241
40,KR HaZZ KE,HS Spišská Nová Ves,Spišská Nová Ves,lau1,62
1810,Stara Bystrica,Revital. verejných priestranstiev Stará Bystrica,Stará Bystrica,lau2,SK031_509477
4532,Špeciálna základná  škola,Interaktívne vyučovanie v ŠZŠ Letanovce,Letanovce,lau2,SK042_543284
4680,KR Hasičského a záchr. zboru v PO,Kežmarok HaZZ (PO),Kežmarok,lau1,21
3070,"Národná diaľničná spoločnosť, a.s.","D1 Senec, nultá etapa",Senec,lau1,57
2949,"OSŽ Slovakia, a.s.",104 Rekonštrukcia Hotela SKALKA v Rajeckých ,Rajec,lau2,SK031_517917
346,Stredoslovenská vodárenská spoločnosť a.s.,Halič - kanalizácia a rozšírenie ČOV,Halič,lau2,SK032_511421
4995,"VVS,a.s.","Svidník-Medzianky, prívod vody z nádrže Starina",Svidník,lau1,65
1778,LVS,Kanalizácia a ČOV Východná,Východná,lau2,SK031_511170
1330,Region Podluží,Turistické rozhledny Podluží - Cerová,Cerová,lau2,SK021_504297
3169,PRAVEL spol. s r.o.,Malá vodná elektráreň Prakovce II,Prakovce,lau2,SK042_543497
5332,SSC,SBO na cestách I. triedy v Trenčianskom kraji,Trenč,lau2,SK032_557340
835,KR Hasičského a záchr. zboru v PO,Hasičská stanice Snina,Snina,lau1,60
839,"ALEXANDRA WELLNESS HOTEL,s.r.o.",hotel AVENA Plus Liptovský Ján,Liptovský Ján,lau2,SK031_510734
5139,SSC,"Čadca - obchvat, preložka cesty I/11",Čadca,lau1,12
1173,Kočín Lančár,Rekonštrukcia verej. osvetlenia obce Kočín-Lančár,Kočín-Lančár,lau2,SK021_507199
15,"UNI KREDIT, n.o.",Virtuálny femkubátor,Virt,lau2,SK023_555827
474,"MOUNTAIN GATE Suites & Spa, s. r. o",Wellness hotel ŠPORT Donovaly,Donovaly,lau2,SK032_508560
4274,Město Slavičín,Varovný systém Slavičín - Nemšová - Horné Srnie,"Nemšová,Horné Srnie",lau2,"SK022_506281,SK022_506036"
1681,"THERMALPARK, spol. s r.o.",NOVOLANDIA Lučenec - Rapovce“,Lučenec,lau1,33
1725,SSC,"I/67 Poprad - Kežmarok, I. etapa","Poprad,Kežmarok",lau1,"47,21"
2286,KR HaZZ KE,hasičská stanica Kráľovský Chlmec,Kráľovský Chlmec,lau2,SK042_528447
404,"Národná diaľničná spoločnosť, a.s.","R2 Zvolen, východ - Pstruša",Zvolen,lau1,76
3662,ARVIK,Vytvorenie sociálneho podniku v okrese Bardejov,Bardejov,lau1,4
3099,"Národná diaľničná spoločnosť, a.s.","D3 Svrčinovec - Skalité, I. fáza","Svrčinovec,Skalité",lau2,"SK031_509493,SK031_509451"
3678,KR Hasičského a záchr. zboru v PO,Hasičský zbor Levoča,Levoča,lau1,31
4756,Ministerstvo vnútra SR,Hasičský zbor Levoča_01,Levoča,lau1,31
3124,Ministerstvo vnútra SR,Has. stanica Banská Štiavnica_01,Banská Štiavnica,lau1,3
1060,SSC,"Zvolen, Pustý Hrad - Neresnica, III. etapa",Zvolen,lau1,76
1813,KR Hasičského a záchr. zboru v PO,Stará Ľubovňa HaZZ (PO),Stará Ľubovňa,lau1,63
2682,Ministerstvo vnútra SR,HS Závadka nad Hronom,Závadka nad Hronom,lau2,SK032_509124
5220,Ministerstvo vnútra SR,HS Krupina_01,Krupina,lau1,28
591,Krajské riaditeľstvo HaZZ v BB,HS Krupina,Krupina,lau1,28
930,ŽSR,"ŽSR,Mod. žel. trate Považská Teplá - Dolný Hričov",Dolný Hričov,lau2,SK031_517526
3601,"Social.Trans, n.o.","Social.Trans, n.o. DSS Spišské Vlachy",Spišské Vlachy,lau2,SK042_543594
3333,"Národná diaľničná spoločnosť, a.s.",R4 Košice - Milhosť (presun),Kosice,Kosice,NULL
844,SSC,I/12 Čierne - bodová závada ,Čierne,lau2,SK031_509159
178,Humanus,"Humanus, n.o. Hlohovec",Hlohovec,lau1,18
5054,"VOÚ, a.s.","Modernizácia VOÚ, a.s. Košice",Kosice,Kosice,NULL
818,KŠÚ  KE,ZŠ Sečovce,"Seč,Sečovce",lau2,"SK022_514381,SK042_528722"
4597,MŽP SR,MŽP - Múzeum Banská Štiavnica,Banská Štiavnica,lau1,3
2751,"Národná diaľničná spoločnosť, a.s.",D1 Dubná Skala - Turany,Turany,lau2,SK031_512681
2142,Marián Filo - AFRODITA,Modernizácia Kaštieľa Čereňany,Čereňany,lau2,SK022_513946
492,"Gasparik, s.r.o.",Účasťou na na veľtrhoch v Prahe a Bratislave,Bratislava,Bratislava,NULL
5703,ŽSR,TEŠ koľaj. trať v MČ Bratislava Petržalka,Bratislava,Bratislava,NULL
661,"MEDICENTRUM, spol. s.r.o.",Rek. a moder. polikliniky Medicentrum Nové Zámky,Nové Zámky,lau1,42
3841,SSC,I/50 Trenčianske Mitice - zosuv,Trenčianske Mitice,lau2,SK022_506605
1184,Ministerstvo vnútra SR,KR HaZZ NR Šaľa_01,Šaľa,lau1,66
2179,KZRS,TSP v meste Banská Bystrica,Banská Bystrica,lau1,2
2484,ŽSR,"TIP Košice, dokončenie PD a 1. etapa realizácie",Kosice,Kosice,NULL
2948,LVS,Kanalizácia a ČOV Važec,Važec,lau2,SK031_511129
4622,Ministerstvo obrany SR,Sanácia enviro záťaže po Sov.arm.-Ivachnová,Ivachnová,lau2,SK031_507300
1974,"Národná diaľničná spoločnosť, a.s.","D3 Žilina, Strážov – Žilina, Brodno, I. fáza",Žilina,lau1,79
3748,"VVS,a.s.",Trebišov - odkanalizovanie ulíc a ČOV,Trebišov,lau1,68
2032,"HVT, s.r.o.",Prestavba hotela Minerál Dudince,Dudince,lau2,SK032_518387
643,Krajské riaditeľstvo HaZZ v BB,HaZZ Veľký Krtíš,Veľký Krtíš,lau1,73
1424,Východný dištrikt Evanjelickej cirkvi au,"EŠZŠ internátna, Červenica",Červenica,lau2,SK041_524301
4083,SSC,"I/59 Dolný Kubín, pruh pre pomalé vozidlá",Dolný Kubín,lau1,14
1894,Rímskokatolícka cirkev Biskupstvo Spišské Podhradi,"CSŠ Dolný Kubín, Spišské Podhradie",Dolný Kubín,lau1,14
1326,KR Hasičského a záchr. zboru v PO,Hasičská stanica v Prešove,Prešov,lau1,49
2089,Ministerstvo vnútra SR,Hasičská stanica Šahy_01,Šahy,lau2,SK023_502782
5337,"EUROCOM Investment, s.r.o.",Gino Paradise Bešeňová II. etapa,Bešeňová,lau2,SK031_510301
1068,"Národná diaľničná spoločnosť, a.s.",D1 Sverepec - Vrtižer,Sverepec,lau2,SK022_518913
1849,SSC,I/49 Dohňany,Dohňany,lau2,SK022_512940
1449,"Ústredie práce, sociálnych vecí a rodiny",UPSVAR Nitra - Detský domov Kolárovo_01,Nitra,lau1,40
3085,ŽSR,TEŠ IDS na území Bratislavy s dosahom na regióny,Bratislava,Bratislava,NULL
3535,"TURVOD, a.s.","Odkanalizovanie obcí Valča,Príbovce,Benice,Rakovo","Benice,Valča,Príbovce,Rakovo",lau2,"SK031_512061,SK031_512761,SK031_512524,SK031_512541"
5547,ASBIS SK spol. s r.o.,Rozvoj zručností zamestnancov košickej a žilinskej,Kosice,Kosice,NULL
4618,SSC,I/65D Martin - obchvat (TEN-T),Martin,lau1,35
2122,KOMVAK,Zlatná na Ostrove – kanalizácia a ČOV 2014,Zlatná na Ostrove,lau2,SK023_501425
2199,Ministerstvo vnútra SR,Mesto Nové Mesto nad Váhom (TN)_01,Nové Mesto nad Váhom,lau1,41
2569,"Tepelné hospodárstvo Moldava, a.s.",Zdroj tepla na biomasu Moldava nad Bodvou,Moldava nad Bodvou,lau2,SK042_521698
2296,"TEHOS, s.r.o.",Kotolňa na biomasu - Dolný Kubín - Brezovec,Dolný Kubín,lau1,14
1212,"Vranovská nemocnica, n.o.","Špecializované centrum soc.sl., Stropkov",Stropkov,lau1,64
4090,"SeVAK, a.s.",Bytča - veľký projekt,Bytča,lau1,11
2555,"Národná diaľničná spoločnosť, a.s.",R2 Ruskovce - Pravotice,"Pravotice,Ruskovce",lau2,"SK022_505382,SK022_505447"
4033,KR HaZZ KE,HS Košice,Kosice,Kosice,NULL
4391,Ministerstvo vnútra SR,Rekonštrukcia HS Dunajská Streda,Dunajská Streda,lau1,15
4965,KRHZZ v Trnave,HS Hlohovec KRHZZ TT,Hlohovec,lau1,18
724,"SVP, š.p.",Modra - úprava Stoličného potoka,Modra,lau2,SK010_508101
164,Stredoslovenská vodárenská spoločnosť a.s.,Banská Štiavnica - kanaliz v mest.pamiat.rezerv.,Banská Štiavnica,lau1,3
4601,"BEREF, s.r.o.",Kaštieľ Čičmany - rekonštrukcia,Čičmany,lau2,SK031_517470
533,"Národná diaľničná spoločnosť, a.s.",R3 Horná Štubňa,Horná Štubňa,lau2,SK031_512273
4554,KR HaZZ KE,Hasičská stanica Košice Šaca,Kosice,Kosice,NULL
614,Město Mikulov,Kultura spojuje (Mikulov - Galanta),Galanta,lau1,16
3600,SSC,SBO v Košickom kraji,Kosice,Kosice,NULL
4151,OUDPH,ZŠ Družstevná pri Hornáde,Družstevná pri Hornáde,lau2,SK042_521345
5128,"TEMPLATE SLOVAKIA, s.r.o.",CleanEnergy z OZE - Kameničná,Kameničná,lau2,SK023_501182
5581,KŠÚ  KE,ŠZŠ  Inžinierska Košice,Kosice,Kosice,NULL
4235,"Národná diaľničná spoločnosť, a.s.",D1 Jánovce - Jablonov,"Jablonov,Jánovce",lau2,"SK041_543179,SK041_523542"
5293,KR Hasičského a záchr. zboru v PO,HaZZ Stropkov,Stropkov,lau1,64
3324,Pavel Jeleň - Penzión a Reštaurácia u Jeleňa,"Penzión a reštaurácia u Jeleňa, Stará Ľubovňa",Stará Ľubovňa,lau1,63
1282,Krajské riaditeľstvo HaZZ v BB,HaZZ Tornaľa,Tornaľa,lau2,SK032_515612
4351,KRHZZ v Nitre,Hasičská stanica Šahy,Šahy,lau2,SK023_502782
1715,velky meder,"ZŠ Veľký Meder, Komenského",Veľký Meder,lau2,SK021_501522
2491,"Národná diaľničná spoločnosť, a.s.",Zvýšenie bezpečnosti R1 Šášovské Podhr. - Zvolen,Zvolen,lau1,76
1629,"REA Tatry, s.r.o.",Kráľovské údolie,Kráľ,lau2,SK032_515078
5425,"C m c, spol. s r.o.",Bioplynová stanica na farme dojníc Detva,Detva,lau1,13
2387,"Svet zdravia, a. s.",Všeobecná nemocnica v Žiari nad Hronom_02,Žiar,lau2,SK032_515833
2438,Slovenské národné múzeum,Bratislavské múzeá tretej generácie,Bratislava,Bratislava,NULL
3252,"Národná diaľničná spoločnosť, a.s.",R2 Žiar nad Hronom - obchvat,Žiar nad Hronom,lau1,78
4759,Cesta správnym smerom,Spoločenská integrácia MRK v obci Hostice,Hostice,lau2,SK032_514861
639,"SVP, š.p.",Hronec-protipovodňové opatrenia na toku Čierny Hro,Hronec,lau2,SK032_508667
2421,LVS,"Výstavba kanalizácie Beňadiková, Liptovs",Beňadiková,lau2,SK031_510271
1983,Krajské riaditeľstvo HaZZ v BB,HaZZ Hnúšťa KR BB,Hnúšťa,lau2,SK032_514829
315,"DTI,s.r.o.",Vysoká škola na základe európskych ,Vysoká,lau2,SK041_525421
3519,"Národná diaľničná spoločnosť, a.s.","D1 Blatné – Trnava, 6-pruh, PD",Trnava,lau1,70
5071,"ENVIROPOL s.r.o., organizačná zložka",Stredisko na spracovanie elektroodpadu Košice 2013,Kosice,Kosice,NULL
4716,Užský seniorský úrad Ref. kresť. cirkvi na Slovensku,Cirkevná ZŠ Vojany,Vojany,lau2,SK042_543942
1628,"Národná diaľničná spoločnosť, a.s.","D3 Hričovské Podhradie - Žilina, Strážov",Žilina,lau1,79
4468,SSC,I/77 Smilno - Svidník rekonštrukcia cest,Svidník,lau1,65
4159,Ministerstvo vnútra SR,Kežmarok HaZZ (PO)_01,Kežmarok,lau1,21
241,"VVS,a.s.",Odkanalizovanie v aglomerácii Rožňava,Rožňava,lau1,54
1203,Súľov - Hradná,Budovanie a modernizácia v.o. v obci Súľov-Hradná,Súľov-Hradná,lau2,SK031_517992
5680,"SVP, š.p.","Poltár-ochr.opatr.na potok.Poltarica-3,0-5,0 SO 02",Poltár,lau1,46
2954,ŽSR,"ŽSR, TIP Žilina, 1. etapa výstavby",Žilina,lau1,79
693,ŽSR,"Modernizácia trate ČR/SR-Čadca-Krásno a GSM-R,PD",Čadca,lau1,12
5298,"Ústredie práce, sociálnych vecí a rodiny",Detský domov  Ružomberok,Ružomberok,lau1,55
4770,"Nemocnice a polikliniky, n. o.",Nemocnica Rimavská Sobota,Rimavská Sobota,lau1,53
3611,ZŠ s MŠ Terézie Vansovej,E-learningové vyučovanie na ZŠ vo Zvolene,Zvolen,lau1,76
5560,ŽSR,"Košice UČS 101,102,103",Kosice,Kosice,NULL
722,"VVS,a.s.",Zemplínske Hámre - kanalizácia,Zemplínske Hámre,lau2,SK041_521108
3742,SSC,"I/50 Košice, Sečovská cesta - Ďurďošík (TEN-T)",Kosice,Kosice,NULL
557,Truc sphérique,Tandem Žilina - Zlín pre oživenie kultúrneho dedičstva architektúry 20. stor. a podporu súč. umenia,Žilina,lau1,79
2446,"Hotely a penzióny, a. s.",Prístavba wellnes centra a prestavba hotela Bystrá,Bystrá,lau2,SK041_527190
2617,Římskokat. farnost Velehrad,"Velehrad – Trnava, společné kořeny jezuitské kultury a vzdělávání",Trnava,lau1,70
4934,ŠOP SR,Realizácia PZ Močiar + vyprac. PS ,Močiar,lau2,SK032_517071
5554,KRHZZ v Trnave,HS Piešťany,Piešťany,lau1,45
