beneficiary,city
"Körzeti Általános Iskola és Óvoda, Tiszakürt nevében Tiszakürt Község Önkormányzata",Tiszakürt
Várpalota Város - Tés Községe Közoktatási Intézményfenntartó Társulás nevében Várpalota Város Önkormányzata mint gesztor,"Várpalota, Tés"
"Héhalom és Egyházasdengeleg községek önkormányzatainak Általános Iskolai intézményfenntartó társulása nevében Héhalom Község Önkormányzata, mint Gesztor","Egyházasdengeleg, Héhalom"
"Kálló Község Önkormányzatáról Kállói II. Rákóczi Ferenc Általános Iskola Intézmény Fenntartó Társulás nevében Kálló Község Önkormányzata, mint gesztor",Kálló
Teskánd Község Önkormányzata,Teskánd
Gyöngyöshalász Község Önkormányzata,Gyöngyöshalász
"Bagod, Hagyárosbörönd, Kávás, Zalaboldogfa, Zalaboldogfa, Zalaszentgyörgy, Ozmánbük, Vaspör Önkormányzatok Intézményi Társulása nevében eljáró Bagod Község Önkormányzata, mint gesztor","Zalaszentgyörgy, Zalaboldogfa, Vaspör, Kávás, Ozmánbük, Bagod, Hagyárosbörönd"
Általános Iskolai Társulás nevében Gödre Község Önkormányzata mint gesztor,Gödre
Adács Község Önkormányzata,Adács
Községi Ökormányzat Tolcsva,Tolcsva
Boldog Község Önkormányzata,Boldog
Arló Nagyközség Önkormányzata,Arló
KISKUNFÉLEGYHÁZA VÁROS ÖNKORMÁNYZATA,Kiskunfélegyháza
Rábatamási-Jobaháza-Magyarkeresztúr Közoktatási Intézményi Társulás nevében eljáró Rábatamási Község Önkormányzata,"Magyarkeresztúr, Rábatamási, Jobaháza"
Mucsony Nagyközségi Önkormányzat,Múcsony
"Mátraderecske-Mátraballa Intézményfenntartó Társulás nevében eljáró Mátraderecske Község Önkormányzata, mint gesztor","Mátraderecske, Mátraballa"
Balkány Város Önkormányzata,Balkány
Kék Község Önkormányzata,Kék
Járdánháza Község Önkormányzata,Járdánháza
MAKÓ ÉS TÉRSÉGE IVÓVÍZMINŐSÉG-JAVÍTÓ ÖNKORMÁNYZATI TÁRSULÁS,Makó
Pásztó-Mátraszőlős Közoktatási Intézményi Társulás és Cserhát Közoktatási Társulás nevében Pásztó Város Önkormányzata,"Mátraszőlős, Pásztó"
Telkibánya Községi Önkormányzat,Telkibánya
Rakamaz Város Önkormányzata,Rakamaz
Atkár Községi Önkormányzat,Atkár
Boba Község Önkormányzata,Boba
Nyírpilis Községi Önkormányzat,Nyírpilis
Drávasztára Község Önkormányzata,Drávasztára
Tapolcai Közoktatási Intézményi Társulás nevében eljáró Tapolca Város Önkormányzata,Tapolca
"Német Nemzetiségi Nevelési, Oktatási és Kulturális Intézményfenntartó Társulás nevében Városlőd Község Önkormányzata mint gesztor",Városlőd
Zagyvaszántó Község Önkormányzata,Zagyvaszántó
Általános Iskola és Óvoda Intézményi Fenntartó Társulás nevében Tófej Község Önkormányzata mint gesztor,Tófej
"Káptalanfa, Bodorfa, Gyepükaján, Nemeshany Önkormányzatainak Intézményi Társulása nevében eljáró Káptalanfa Község Önkormányzata","Káptalanfa, Gyepükaján, Bodorfa, Nemeshany"
Intézményfenntartói Társulás nevében eljáró Csesztreg Községi Önkormányzat (gesztor),Csesztreg
Települési Önkormányzat Lesencetomaj,Lesencetomaj
Somogyjádi integrált mikrotérségi közoktatási társulás nevében Mernye Község Önkormányzata,"Mernye, Somogyjád"
Nyírmártonfalva Községi Önkormányzat,Nyírmártonfalva
Fehérgyarmat-Penyige-Mánd Közoktatási Intézményi Társulás nevében Fehérgyarmat Város Önkormányzata,"Fehérgyarmat, Penyige, Mánd"
Magyarhomorog Községi Önkormányzat,Magyarhomorog
"Levelek, Magy, Besenyőd Közoktatási Intézményi Társulás nevében eljáró Levelek Nagyközség Önkormányzata","Besenyőd, Magy, Levelek"
"Marcali, Kelevíz, Nemesvid, Somogysimonyi, Somogyzsitfa Közoktatási Intézményi Társulás nevében Marcali Város Önkormányzata mint gesztor","Somogysimonyi, Somogyzsitfa, Nemesvid, Kelevíz, Marcali"
Szepetnek-Sormás Községi Önkormányzatok Intézményfenntartó Társulása nevében eljáró Szepetnek Község Önkormányzata,"Szepetnek, Sormás"
Bárna Község Önkormányzata,Bárna
Községi Önkormányzat Lucfalva,Lucfalva
Pátyod Község Önkormányzata,Pátyod
Páka Községi Önkormányzat,Páka
"Nagyigmánd-Csém-Csép-Kisigmánd-Szákszend Községi Önkormányzatok Közoktatási és közétkeztetési Intézményfenntartó Társulása nevében eljáró Nagyigmánd Nagyközség Önkormányzata, mint gesztor","Nagyigmánd, Kisigmánd, Csém, Csép, Szákszend"
"Bágyogszovát-Bodonhely-Kisbabot-Rábapordány Önkormányzatainak Általános Iskolai Intézményi Társulása nevében eljáró Bágyogszovát Község Önkormányzata, mint gesztor","Bágyogszovát, Kisbabot, Bodonhely, Rábapordány"
Körösszegapáti Község Önkormányzata,Körösszegapáti
Tápszentmiklós-Győrasszonyfa-Lázi-Tarjánpuszta Községek Közoktatási Mikrotérségi Társulása nevében eljáró Tápszentmiklós Község Önkormányzata,"Lázi, Győrasszonyfa, Tápszentmiklós, Tarjánpuszta"
"Hatvani Középiskola, Szakiskola és Kollégiumot Működtető Intézményfenntartó Társulás nevében eljáró Hatvan Város Önkormányzata mint gesztor",Hatvan
Nagybánhegyes Község Önkormányzata,Nagybánhegyes
Békéssámson Község Önkormányzata,Békéssámson
Általános Iskola és Óvoda Intézményeket Fenntartó Társulás nevében Bodrogkeresztúr Község Önkormányzata mint gesztor,Bodrogkeresztúr
Közös Fenntartású Oktatási Intézmények nevében eljáró Gesztor Baktakék Önkormányzat,Baktakék
Békés Város Önkormányzata mint a Békési Kistérségi Intézményfenntartó Társulás gesztora,Békés
Érsekhalma Község Önkormányxzata,Érsekhalma
TOKAJ VÁROS ÖNKORMÁNYZATA,Tokaj
Mórahalom város Önkormányzata,Mórahalom
"Edelény, Szuhogy, Abod, Balajt, Damak és Ládbesenyő települések Közoktatási Intézményfenntartó Társulása nevében eljáró Edelény Város Önkormányzata","Damak, Balajt, Ládbesenyő, Edelény, Szuhogy, Abod"
Bodroghalom Községi Önkormányzat,Bodroghalom
Fadd Nagyközség Önkormányzata,Fadd
Cikó Község Önkormányzata,Cikó
"Balatonszentgyörgy-Balatonberény-Hollád-Tikos és Vörs Községek Közoktatási Intézményfenntartó Társulása nevében eljáró Balatonszentgyörgy Község Önkormányzata, mint gesztor","Balatonszentgyörgy, Tikos, Vörs, Hollád, Balatonberény"
Taktakenéz Község Önkormányzata,Taktakenéz
Algyő Nagyközség Önkormányzata,Algyő
Hegykő Község Önkormányzata,Hegykő
Putnok-Dubicsány-Sajóvelezd-Sajómercse Közoktatási Intézményfenntartói Társulás nevében eljáró Putnok Gesztorönkormányzat,"Sajómercse, Sajóvelezd, Dubicsány, Putnok"
Naszály Község Önkormányzata,Naszály
Hanyi-Menti Közoktatási Intézményfenntartó Társulás nevében eljáró Átány Község Önkormányzata mint gesztor,Átány
Ároktő Községi Önkormányzat,Ároktő
"Jánossomorja, Újrónafő, Várbalog települések Intézményfenntartó Társulása  gesztoraként Jánossomorja Város Önkormányzata","Újrónafő, Várbalog, Jánossomorja"
Zsáka Nagyközség Önkormányzata,Zsáka
"Sajólád-Sajópetri Községek Közoktatási Intézményfenntartó Társulása nevében eljáró Sajólád Községi Önkormányzat, mint gesztor","Sajólád, Sajópetri"
"Közoktatási Intézményi Társulás nevében eljáró Egervár Község Önkormányzata, mint gesztor",Egervár
KÉK VÍZ - ÉSZAK-BÁCS-KISKUN MEGYEI IVÓVÍZMINŐSÉG-JAVÍTÓ ÖNKORMÁNYZATI TÁRSULÁS,Kék
Tác-Csősz Közoktatási Intézméyi Társulás nevében eljáró Tác Község Önkormányzata mint Gesztor,"Csősz, Tác"
Zalavár Község Önkormányzata,Zalavár
Rédics Község Önkormányzata,Rédics
Görgeteg Község Önkormányzata,Görgeteg
Fehérgyarmat- Penyige- Mánd Intézményfenntartó Társulás nevében Fehérgyarmat Város Önkormányzata,"Fehérgyarmat, Penyige, Mánd"
Görbeháza Község Önkormányzata,Görbeháza
Tarcal Község Önkormányzata,Tarcal
Üllés és Forráskút Községek Közoktatási Intézményi Társulása nevében Üllés Község Önkormányzata,"Forráskút, Üllés"
Véssey Mihály Általános Iskola és Óvoda Intézményfenntartó Társulás nevében Vése Község Önkormányzata mint Gesztor,Vése
Jakabszállás - Fülöpjakab Közoktatási Intézményfenntartó Társulása nevében eljáró Jakabszállás Község Önkormányzata,"Fülöpjakab, Jakabszállás"
Hegyháti Intézményi Társulás nevében eljáró Mágocs Város Önkormányzata mint gesztor,Mágocs
"Hetes, Csombárd és Somogysárd Községek Közoktatási Intézményi Társulása nevében eljáró gesztor: Hetes Község Önkormányzata","Csombárd, Hetes, Somogysárd"
Ecséd Községi Önkormányzat,Ecséd
Sajószöged - Sajóörös Alapfokú Közoktatási Intézményfenntartó Mikrotársulás nevében Sajószöged Község Önkormányzata mint gesztor,"Sajóörös, Sajószöged"
Cibakháza Nagyközség Önkormányzata,Cibakháza
"Igal és Környéke Közoktatási Intézményfenntartó Társulás nevében Igal Város Önkormányzata, Gesztor",Igal
Bükkszentkereszt és Répáshuta Községek Közoktatási Intézményfenntartó Társulása nevében eljáró Bükkszentkereszt Község Önkormányzata,"Répáshuta, Bükkszentkereszt"
Porcsalma Nagyközség Önkormányzata,Porcsalma
Budapest I. kerület Budavári Önkormányzat,Budapest
Hegyhát Közoktatási Intézményfenntartó Társuás nevében eljáró Gyönk Város Önkormányzata mint gesztor,Gyönk
Törökszentmiklósi Református Egyházközség,Törökszentmiklós
Székesfehérvár Megyei Jogú Város Önkormányzata,Székesfehérvár
Mezőkeresztes-Borsodgeszt-Csincse-Mezőnyárád-Sály-Vatta Általános Iskolai Közoktatási Intézményfenntartó Társulás nevében eljáró Mezőkeresztes Nagyközség Önkormányzata mint gesztor,"Borsodgeszt, Sály, Mezőnyárád, Csincse, Mezőkeresztes, Vatta"
Mérk-Vállaj Közoktatási  Fenntartó Társulás nevében Mérk Nagyközség Önkormányzata,"Vállaj, Mérk"
"Zákány, Zákányfalu és Őrtilos Községek Közoktatási Intézményi Társulása nevében Zákány Község Önkormányzata","Zákányfalu, Zákány, Őrtilos"
Devecser Város Önkormányzata,Devecser
Tiszabura Község Önkormányzata,Tiszabura
"Fábiánsebestyén Árpádhalom Közoktatási Intézményfenntartó Társulás nevében Fábiánsebestyén Község Önkormányzata, mint gesztor","Fábiánsebestyén, Árpádhalom"
Somlóvásárhely Község Önkormányzata,Somlóvásárhely
Soproni Evangélikus Egyházközség,Sopron
Nézsa és Környéke Oktatási Intézményfenntartó Társulás nevében Nézsa Község Önkormányzata,Nézsa
Ruzsa és Pusztamérges Községi Általános Iskolai Intézményi Társulás nevében Ruzsa Községi Önkormányzat mint gesztor,"Pusztamérges, Ruzsa"
"Parasznya, Radostyán, Varbó, Kondó, Sajólászlófalva, Sajókápolna községek Önkormányzatai, Intézményi Társulása a Közös, Közoktatási Feladatok ellátására, Intézmény Közös Fenntartásra","Parasznya, Radostyán, Varbó, Kondó, Sajólászlófalva, Sajókápolna"
Tiszaújváros Város Önkormányzata,Tiszaújváros
GYOMAENDRŐD VÁROS ÖNKORMÁNYZATA,Gyomaendrőd
Barcs Város Önkormányzata,Barcs
Fertőszentmiklós Város Önkormányzata,Fertőszentmiklós
Kisnána Községi Önkormányzat,Kisnána
Nyékládháza Város Önkormányzata,Nyékládháza
"Galambok, és Zalaszentjakab Község Önkormányzatának Intézményfenntartó Társulása nevében, mint Gesztor Önkormányzat  Galambok Község Önkormányzata","Zalaszentjakab, Galambok"
Kapuvár Térségi Közoktatási Intézményi Társulás nevében eljáró Kapuvár Város Önkormányzata,Kapuvár
"Tarnalelesz, Bükkszenterzsébet, Szentdomonkos és Fedémes községek Közoktatási Társulása nevében Tarnalelesz Község Önkormányzata mint gesztor","Tarnalelesz, Bükkszenterzsébet, Fedémes, Szentdomonkos"
Karancskeszi - Ipolytarnóc iskola intézményfenntartó társulás nevében eljáró Karancskeszi Község Önkormányzata mint gesztor,"Ipolytarnóc, Karancskeszi"
Torony Községi Önkormányzat,Torony
Csopak Község Önkormányzata,Csopak
"Ragály, Trizs, Imola, Zubogy Általános Iskola Közoktatási Intézményi Társulás nevében eljáró Ragály Község Önkormányzata","Zubogy, Ragály, Imola, Trizs"
Nádudvar Város Önkormányzata,Nádudvar
Abádszalók Város  Önkormányzata,Abádszalók
Borsodnádasd Városi Önkormányzat,Borsodnádasd
Kállósemjén Nagyközségi Önkormányzat,Kállósemjén
Bucsa Község Önkormányzata,Bucsa
Egyházasharaszti Körzeti Általános  Iskola Intézményi Társulás nevében eljáró  Alsószentmárton Község Önkormányzat,"Alsószentmárton, Egyházasharaszti"
Sátoraljaújhely Városi Önkormányzat,Sátoraljaújhely
"Nagyoroszi - Borsosberény - Horpács Községek Közoktatási Intézményi Társulása nevében eljáró Nagyoroszi Község Önkormányzata, mint gesztor","Nagyoroszi, Borsosberény, Horpács"
Novajidrány Község Önkormányzata,Novajidrány
Fertőszéplak Község Önkormányzata,Fertőszéplak
Nyírcsászári-Bátorliget-Terem Községek Közoktatási Intézményfenntartó Társulás nevében eljáró Nyírcsászári Község Önkormányzata,"Terem, Bátorliget, Nyírcsászári"
"Nyírbéltek Nagyközség Önkormányzat Képviselő-testülete és Ömböly Község Önkormányzata Képviselő-testülete Intézményfenntartó társulása nevében eljáró Nyírbéltek Nagyközség Önkormányzata, mint Gesztor","Nyírbéltek, Ömböly"
Mezőlak Község Önkormányzata,Mezőlak
Kecskemét Megyei Jogú Város Önkormányzata,Kecskemét
Dombrád Város Önkormányzat,Dombrád
KÖZSÉGI ÖNKORMÁNYZAT TÉNYŐ,Tényő
Szomód-Dunaszentmiklós községek Közoktatási Intézményi Társulása nevében eljáró Szomód Község Önkormányzata,"Szomód, Dunaszentmiklós"
Farád Község Önkormányzata,Farád
Felsővadász Községi Önkormányzat,Felsővadász
Aggtelek Község Önkormányzata,Aggtelek
Buj Község Önkormányzata,Buj
Tiszafüred Város Önkormányzat,Tiszafüred
"Dusnok-Fajsz Társult Általános Művelődési Központ nevében Dusnok Község Önkormányzata, mint gesztor","Dusnok, Fajsz"
"Balatonkeresztúr, Balatonmáriafürdő és Balatonújlak Községek Általános Iskolai Intézményfenntartói Társulása nevében Balatonkeresztúr Község Önkormányzata","Balatonmáriafürdő, Balatonújlak, Balatonkeresztúr"
Balaton- Mikófalva-Bekölce- Borsodszentgyörgy Községek Intézményfenntartó Mikro társulása nevében eljáró gesztor Balaton község Önkormányzata,"Balaton, Borsodszentgyörgy, Mikófalva, Bekölce"
Szentkirály Község Önkormányzata,Szentkirály
Harsány Község Önkormányzata,Harsány
"TOLNA, FADD, FÁCÁNKERT, BOGYISZLÓ, DUNASZENTGYÖRGY, GERJEN TELEPÜLÉSEK SZENNYVÍZTISZTÍTÓ-TELEP FEJLESZTÉSE TÁRGYÚ PÁLYÁZAT MEGVELÓSÍTÁSÁRA LÉTREHOZOTT ÖNKORMÁNYZATI TÁRSULÁSA","Bogyiszló, Dunaszentgyörgy, Fácánkert, Fadd, Gerjen, Tolna"
Kölked Község Önkormányzata,Kölked
Györtelek Községi Önkormányzat,Győrtelek
Pér Község Önkormányzata,Pér
Darnózseli Dunaremete Kisbodak Közs. Int.fennt.társ. nevében Darnózseli Község Önkormányzata,"Darnózseli, Dunaremete, Kisbodak"
Tiszavasvári Város Önkormányzata,Tiszavasvári
Mosonszentmiklós Község Önkormányzat,Mosonszentmiklós
Dunaalmás Község Önkormányzata,Dunaalmás
Zákányszék Község Önkormányzata,Zákányszék
"Iharosberény, Iharos, és Pogányszentpéter Községek Közoktatási Intézményi Társulása nevében Iharosberény Község Önkormányzata, mint gesztor","Iharosberény, Pogányszentpéter, Iharos"
Nagyhalász Város Önkormányzata,Nagyhalász
Községi Önkormányzat Csapi,Csapi
Monostorapáti Község Önkormányzat,Monostorapáti
"Lajosmizse Város Önkormányzata, mint Lajosmizse és Felsőlajos Közoktatási Intézményfenntartói Társulása gesztora","Lajosmizse, Felsőlajos"
Vértessomló - Várgesztes Oktatási Intézményi Társulás nevében Vértessomló Község Önkormányzata mint gesztor,"Vértessomló, Várgesztes"
Balatonszabadi-Siójut Mikro-Térségi Oktatási-Közművelődési Társulása nevében Balatonszabadi Község Önkormányzata mint gesztor,"Siójut, Balatonszabadi"
Nagyréde Község Önkormányzata,Nagyréde
Balatongyörök Község Önkormányzata,Balatongyörök
Tiszanagyfalu Község Önkormányzata,Tiszanagyfalu
"Vasszécseny, Tanakajd Községek Oktatási Intézményfenntartó Társulása nevében Vasszécseny Község Önkormányzata","Tanakajd, Vasszécseny"
Szentgál Község Önkormányzata,Szentgál
Jánkmajtis Község Önkormányzata,Jánkmajtis
Bácskai Közoktatási Intézmény Intézményfenntartó Társulása nevében eljáró Felsőszentiván Község Önkormányzata,Felsőszentiván
Közoktatási intézmények nevében eljáró gesztor Zsombó Község Önkormányzata,Zsombó
Parád Nagyközség Önkormányzata,Parád
Intézményfenntartó Társulás nevében eljáró Kázsmárk Község Önkormányzata,Kázsmárk
Lövő-Nemeskér-Völcsej-Nagylózs-Simaság Közoktatási Intézményfenntartó Társulás nevében eljáró Lövő Község Önkormányzata,"Simaság, Nemeskér, Nagylózs, Völcsej, Lövő"
Taktabáj Község Önkormányzata,Taktabáj
Tordas Község Önkormányzata,Tordas
Újfehértó Város Önkormányzata,Újfehértó
Rákóczifalva Város Önkormányzata,Rákóczifalva
Nyírcsaholy Község Önkormányzata,Nyírcsaholy
Cece-Alap-Sáregres-Vajta Általános Iskolai Intézményfenntartó Társulás nevében Cece Nagyközség Önkormányzata,"Vajta, Cece, Sáregres, Alap"
Makó-Újvárosi Református Egyházközség,Makó
Nyírpazony Község Önkormányzata,Nyírpazony
Nagyközségi Önkormányzat Gávavencsellő,Gávavencsellő
Rimóc Község Önkormányzata,Rimóc
Önkormányzatok Intézmény Fenntartó Társulása nevében eljáró Községi Önkormányzat Mesztegnyő mint Gesztor,Mesztegnyő
Általános Iskola Fenntartó Intézményi Társulás nevében eljáró Olasz Községi Önkormányzat,Olasz
Füzesgyarmat Város Önkormányzat,Füzesgyarmat
NAGYKÖZSÉGI JÓZSEF ATTILA  MŰVELŐDÉSI HÁZ ÉS KÖNYVTÁR JÁSZLADÁNY,Jászladány
Hejőbába Községi Önkormányzat,Hejőbába
Zánka és Térsége Oktatási Intézményi Társulása nevében Zánka Község Önkormányzata,Zánka
Intézményi társulás nevében  eljáró Gesztor - Écs Község Önkormányzata,Écs
Badacsonytomaj Város Önkormányzata,Badacsonytomaj
Homokszentgyörgy és Mikrotérsége Közoktatási Intézményfenntartó Társulása nevében Homokszentgyörgy Község Önkormányzata,Homokszentgyörgy
"Boldva, Hangács, Nyomár és Ziliz Települések Közoktatási Intézményfenntartói Társulása nevében eljáró Boldva Község Önkormányzata, mint gesztor","Boldva, Ziliz, Nyomár, Hangács"
"Kunadacs-Ladánybene Közoktatási Intézményi Társulás nevében eljáró Kunadacs Község Önkormányzata, mint gesztor","Ladánybene, Kunadacs"
Községi Önkormányzat Apostag,Apostag
Ajak Nagyközség Önkormányzata,Ajak
Palotás Község Önkormányzata,Palotás
Budakörnyéki Önkormányzati Társulás,
KÖZÖSEN A TISZTA VÍZÉRT BESZTEREC-KEMECSE-TISZARÁD-VASMEGYER IVÓVÍZMINŐSÉG-JAVÍTÓ ÖNKORMÁNYZATI TÁRSULÁS,"Beszterec, Tiszarád, Kemecse, Vasmegyer"
Társult Önkormányzatok Együtt Segítőszolgálata,
Petőfiszállás Község Önkormányzata,Petőfiszállás
Nádasdladány Község Önkormányzata,Nádasdladány
Közoktatási Intézményfenntartó Társulás Nyírád-Halimba-Szőc nevében eljáró Nyirád Község Önkormányzata,"Halimba, Szőc, Nyirád"
"Szin,Szinpetri Községi Közoktatási Intézményi Társulás nevében eljáró Szin Község Önkormányzata","Szinpetri, Szin"
Orosháza Város Önkormányzata,Orosháza
Ludányhalászi Község Önkormányzata,Ludányhalászi
Tiszakarád Községi Önkormányzata,Tiszakarád
Magyargéc Község Önkormányzata,Magyargéc
Nagyberki-Mosdós-Kercseliget-Csoma-Szabadi-Kapospula-Baté-Kaposkeresztúr Önkormányzatok Közoktatási Intézményi Társulása nevében eljáró Nagyberki Községi Önkormányzat,"Szabadi, Mosdós, Kaposkeresztúr, Baté, Kapospula, Csoma, Kercseliget, Nagyberki"
Tevel Községi Önkormányzat,Tevel
Lepsény Nagyközségi Önkormányzat,Lepsény
"Eger-Demjén-Egerbakta-Egerszalók Int.fenntartó Mikro-társ, Eger-Andornaktálya Int.fenntartó Mikro-társ, Eger-Ostoros Int.fenntartó Mikro-társ, Eger-Egerszólát Int.fenntartó Mikro-társ, valamint saját nevében eljáró Eger Megyei Jogú Város Önkormányzat","Egerbakta, Egerszalók, Demjén, Andornaktálya, Ostoros, Egerszólát, Eger"
Gyulai Református Egyházközség,Gyula
"Hencida-Váncsod Közoktatási Intézménytársulás nevében eljáró Hencida Község Önkormányzata, mint gesztor","Váncsod, Hencida"
Mindszent Város Önkormányzata,Mindszent
Apagy Község Önkormányzata,Apagy
Rácalmás Nagyközség Önkormányzata Változás: Rácalmás Város Önkormányzata 2009.09.29-es változásbejelentés elfogadása alapján,Rácalmás
Zalacsány-Ligetfalva-Tilaj-Almásháza községek Önkorányzatainak Intézményfenntartó Társulása nevében eljáró Zalacsány Város Önkormányzata mint gesztor,"Zalacsány, Almásháza, Tilaj, Ligetfalva"
"Tarnaméra Községi Önkormányzat Zaránk Községi Önkormányzat Általános Iskolai Szolgálatot és Óvodai Szolgálatot Fenntartó Társulás nevében eljáró Tarnaméra Község Önkormányzata, mint gesztor","Tarnaméra, Zaránk"
"Komárom Város Önkormányzata 2900. Komárom, Szabadság tér 1.",Komárom
Szakcs Község Önkormányzata,Szakcs
"Látrány, Somogybabod, Somogytúr és Visz Önkormányzati Társulás nevében eljáró Látrány Község Önkormányzata","Somogytúr, Látrány, Somogybabod, Visz"
Zagyvarékas Községi Önkormányzat,Zagyvarékas
Kótaj Község Önkormányzata,Kótaj
Mezőtárkány-Egerfarmos-Sarud Intézményfenntartó Mikrotársulás nevében eljáró Mezőtárkány Községi Önkormányzat mint gesztor,"Sarud, Mezőtárkány, Egerfarmos"
"Kaba, Báránd, Sáp és Tetétlen Települések Közoktatási Intézményi Társulása nevében eljáró Tetétlen Község Önkormányzata","Sáp, Báránd, Tetétlen, Kaba"
Nyírgelse Község Önkormányzata,Nyírgelse
Perkáta Nagyközség Önkormányzata (Nagykarácsony),"Nagykarácsony, Perkáta"
Ajka város Önkormányzata,Ajka
Géberjén Község Önkormányzata,Géberjén
Mihályi Mikroközpontú Iskolafenntartó Társulás nevében eljáró Mihályi Község Önkormányzata,Mihályi
Sajókeresztúr Község Önkormányzata,Sajókeresztúr
Bátaszék-Alsónyék-Pörböly önkormányzatainak Mikrotérségi Integrált Oktatási Intézményfenntartó Társulása nevében eljáró Bátaszék Város Önkormányzata,"Alsónyék, Pörböly, Bátaszék"
Községi Önkormányzat Tiszapüspöki,Tiszapüspöki
Települési Önkormányzat Nagydobos,Nagydobos
Hajdúböszörmény Bocskai Téri Református Egyházközség,"Hajdúböszörmény, Bocska"
Nemzetiségi Nyelvet Oktató Általános Iskola Felsőcsatár Intézményfenntartó Társulása nevében eljáró Felsőcsatár Község Önkormányzata mint Gesztor,Felsőcsatár
"Hédervár, Lipót és Mecsér községek közoktatási Intézménytársulása nevében Hédervár község Önkormányzata","Lipót, Mecsér, Hédervár"
Közoktatási Intézményfenntartó Társulás nevében Tószeg Község Önkormányzata mint gesztor.,Tószeg
Hajdúszoboszló Város Önkormányzata,Hajdúszoboszló
"Sükösd-Érsekcsanád Közoktatási Intézményfenntartó Társulás nevében eljáró Sükösd Nagyközség Önkormányzata, mint gesztor","Sükösd, Érsekcsanád"
Tiszabecs-Uszka-Magosliget Intézményfenntartó Társulás nevében Tiszabecs Nagyközség Önkormányzata,"Magosliget, Tiszabecs, Uszka"
Kaposvár Megyei Jogú Város Önkormányzat,Kaposvár
Községi Önkormányzat Körösszakál,Körösszakál
Girincs és Kiscsécs községek Intézményfenntartó Társulása nevében Girincs Község Önkormányzata mint gesztor,"Kiscsécs, Girincs"
Tass község Önkormányzata,Tass
Ráckeresztúr Község Önkormányzata,Ráckeresztúr
Kurityán-Szuhafő-Zádorfalva települések Közoktatási Intézményfenntartó Társulása nevében Kurityán Község Önkormányzata mint gesztor,"Kurityán, Zádorfalva, Szuhafő"
Debrecen Megyei Jogú Város Önkormányzata Végrehajtó szerve: DMJV Polgármesteri Hivatal,Debrecen
Kozármisleny Intézményirányító Társulás nevében Kozármisleny Város Önkormányzata,Kozármisleny
Magyarbóly Község Önkormányzata,Magyarbóly
Fegyvernek-Örményes-Kuncsorba Intézményfenntartó Társulás nevében eljáró Fegyvernek Nagyközség Önkormányzata,"Fegyvernek, Örményes, Kuncsorba"
"Szalaszend Község és Fulókércs Község Önkormányzatainak Általános Iskolai Intézményfenntartó Társulása nevében Szalaszend Község Önkormányzata, mint gesztor","Szalaszend, Fulókércs"
Sajóvámos Község Önkormányzata,Sajóvámos
Közoktatási Intézményi Társulás Becsvölgye nevében eljáró  Becsvölgye Község Önkormányzata,Becsvölgye
Mezőfalva Nagyközség Önkormányzata,Mezőfalva
Duna-menti Közoktatási Társulás nevében eljáró Dunapataj Nagyközség Önkormányzata,Dunapataj
Földeák-Óföldeák Önkormányzatainak Általános Iskolai Intézményi Társulása nevében Földeák Község Önkormányzata,"Óföldeák, Földeák"
Szécsény-Nagylóc-Nógrádszakál Intézményfenntartó Társulás nevében eljáró Szécsény Város Önkormányzata gesztor önkormányzat,"Szécsény, Nógrádszakál, Nagylóc"
Intézményi Társulás nevében eljáró gesztor Nagyvarsány Község Önkormányzata,Nagyvarsány
ÖKÖRITÓFÜLPÖS NAGYKÖZSÉG ÖNKORMÁNYZATA,Ököritófülpös
Ágfalva Község Önkormányzata,Ágfalva
Nyírparasznya Község Önkormányzata,Nyírparasznya
Fertőboz-Nagycenk Intézményfenntartó Társulása nevében eljáró Nagycenk Nagyközség Önkormányzata,"Nagycenk, Fertőboz"
Budapest Főváros XIX kerület  Kispest Önkormányzata,Budapest
Felsőtárkány Község Önkormányzata,Felsőtárkány
Kántorjánosi Község Önkormányzata,Kántorjánosi
Várdomb és Alsónána Önkormányzatok Intézményi Társulása nevében Várdomb Község Önkormányzata,"Várdomb, Alsónána"
"Ráday Pál Közoktatási és Közművelődési Közös Fenntartású Intézmény Társulás nevében eljáró Harta Nagyközség Önkormányzat, mint gesztor",Harta
"Berettyóújfalu és Bakonszeg Önkormányzatok Közoktatási Társulása, Berettyóújfalu és Mezőpeterd Önkormányzatok Közoktatási Társulása nevében Berettyóújfalu Város Önkormányzata  mint gesztor","Bakonszeg, Berettyóújfalu, Mezőpeterd"
Álmosd Község Önkormányzata,Álmosd
Kapuvár Város Önkormányzata,Kapuvár
Pogányvölgyi Többcélú Kistérségi Társulás nevében eljáró Buzsák Község Önkormányzata mint gesztor,Buzsák
Rétközberencs Község Önkormányzata,Rétközberencs
Kunmadaras Nagyközség Önkormányzata,Kunmadaras
Vasvár Város Önkormányzat Intézményfenntartó Társulása nevében eljáró Vasvár Város Önkormányzata mint gesztor,Vasvár
Győrtelek Község Önkormányzata,Győrtelek
Akasztó Község Önkormányzata,Akasztó
Hódmezővásárhely-Ótemplomi Református Egyházközség,Hódmezővásárhely
"Vácszentlászló Agglomeráció - Valkó, Vácszentlászló, Zsámbok Szennyvíz Elvezetése és Tisztítása - Csatorna Beruházási és Üzemeltetési Önkormányzati Társulás","Valkó, Vácszentlászló, Zsámbok"
Bük és Sajtoskál Önkormányzatok Iskola Fenntartó Társulása / Bük és Acsád Önkormányzatok Iskola Fenntartó Társulása nevében eljáró Bük Város Önkormányzata,"Sajtoskál, Bük, Acsád"
Sarkad-Kötegyán-Újszalonta Közoktatási Intézményfenntartó Társulás nevében Sarkad Város gesztor Önkormányzata,"Újszalonta, Kötegyán, Sarkad"
PORCSALMA NAGYKÖZSÉG ÖNKORMÁNYZATA,Porcsalma
Tiszaföldvár Város Önkormányzata,Tiszaföldvár
Bőny Község Önkormányzata,Bőny
KISKUNHALASI REFORMÁTUS EGYHÁZKÖZSÉG,Kiskunhalas
"Zsira - Gyalóka - Szakony - Répcevis Községek Közoktatási Intézményi Társulása nevében Zsira Község Önkormányzata, mint gesztor","Zsira, Gyalóka, Szakony, Répcevis"
Sajószentpéter és Társult Települések Általános Iskolai Intézményfenntartó Társulása nevében eljáró Sajószentpéter Város Önkormányzata mint gesztor,Sajószentpéter
Cserhátsurány Községi Önkormányzat,Cserhátsurány
"Domaszék- Röszke Közoktatási Intézményfenntartó Társulás nevében Domaszék Község Önkormányzata, mint gesztor","Domaszék, Röszke"
Iván Község Önkormányzata,Iván
Szatmárcseke Község Önkormányzata,Szatmárcseke
Gyulaháza Község Önkormányzata (Dr Kozma Pál Általános Iskola és Életfa Óvoda Gyulaháza-Nyírtass Közoktatási intézményfenntartó társulás gesztor önkormányzata),"Gyulaháza, Nyírtass"
Gönyű Község Önkormányzata,Gönyű
Kimle Község Önkormányzata,Kimle
Vonyarcvashegy Nagyközség Önkormányzata,Vonyarcvashegy
Tiszafüredi Református Egyházközség,Tiszafüred
"Bak - Sárhida - Zalatárnok Községek Intézmányfenntartó Társulása nevében eljáró Bak Község Önkormányzata, mint gesztor","Bak, Sárhida, Zalatárnok"
Nagyvenyim Nagyközség Önkormányzat,Nagyvenyim
Kutas-Lábod Mikrotérség Közoktatási Intézményfenntartó Társulása nevében Kutas Község gesztor Önkormányzata,"Kutas, Lábod"
Oktatási- Nevelési Intézményi Társulás nevében eljáró Újpetre Község Önkormányzata mint gesztor,Újpetre
"Dédestapolcsány-Mályinka-Nekézseny Települések Közoktatási Intézményfenntartó Társulása nevében Dédestapolcsány Község Önkormányzata, mint gesztor","Mályinka, Nekézseny, Dédestapolcsány"
Hajós Város Önkormányzata,Hajós
Községi Önkormányzat Polgármesteri Hivatala,
"Muraszemenye, Csörnyeföld, Kerkaszentkirály, Szentmargitfalva községek Közoktatási Intézményi Társulása nevében Muraszemenye Község Önkormányzata","Szentmargitfalva, Kerkaszentkirály, Muraszemenye, Csörnyeföld"
Községi Önkormányzat Tar,Tar
Intézményfenntartó Társulás nevében Zalaszentbalázs Község Önkormányzata,Zalaszentbalázs
Dunaújváros Megyei Jogú Város Önkormányzata,Dunaújváros
Törökszentmiklós Város Önkormányzata,Törökszentmiklós
Csesztve-Nógrádmarcal-Szügy Községek Intézményfenntartó Társulása nevében eljáró Szügy Község Önkormányzata,"Csesztve, Nógrádmarcal, Szügy"
"Kenézlő, Viss és Zalkod Óvoda és Iskola Intézményfenntartó Társulása nevében Kenézlő Községi Önkormányzat","Kenézlő, Zalkod, Viss"
ABA VÁROS ÖNKORMÁNYZATA,Aba
Herend Környéki Települések Alapfokú Oktatási Intézményfenntartó Társulása nevében Herend Város Önkormányzata mint gesztor,Herend
Földes Nagyközség Önkormányzata,Földes
Győrladamér-Győrújfalu Községek Közoktatási Intézményi társulása nevében Győrladamér Község gesztor Önkormányzata,"Győrújfalu, Győrladamér"
Varsány Község Önkormányzata,Varsány
Szekszárd és Szedres Közoktatási Intézményfenntartó Társulása nevében eljáró Szekszárd Megyei Jogú Város Önkormányzata,"Szekszárd, Szedres"
Mélykút Város Önkormányzata,Mélykút
Helvécia-Ballószög Közoktatási Intézményi Társulás nevében eljáró Ballószög Község Önkormányzata,"Ballószög, Helvécia"
MINDENNAPI VIZÜNK IVÓVÍZMINŐSÉG-JAVÍTÓ ÖNKORMÁNYZATI TÁRSULÁS,
Salgótarján Megyei Jogú Város önkormányzata,Salgótarján
Kunszentmiklósi Református Egyházközség,Kunszentmiklós
Tiszanána –Kömlő Intézményfenntartó Társulás nevében Tiszanána Község Önkormányzata mint gesztor,"Kömlő, Tiszanána"
Csajági Református Egyházközség,Csajág
Alsóberecki Község Önkormányzata,Alsóberecki
Aparhant Község Önkormányzata,Aparhant
Felsőnyárád-Felsőkelecsény-Jákfalva-Dövény-Alsószuha települések Közoktatási Intézményfenntartó Társulása nevében eljáró Felsőnyárád Község Önkormányzata,"Dövény, Felsőkelecsény, Alsószuha, Jákfalva, Felsőnyárád"
Békéscsaba Megyei Jogú Város Önkormányzata,Békéscsaba
Sajóbábony Város Önkormányzata,Sajóbábony
Zalakaros-Zalamerenye Önkormányzatok Intézményfenntartó Társulása,"Zalakaros, Zalamerenye"
"A Csukás István Nevelési és Oktatási Gyermekközpont Általános Iskola Óvoda, és Bölcsőde közös intézmény fenntartására, nevében eljáró Teskánd Község Önkormányzata",Teskánd
"Mezőnagymihály-Gelej Közoktatási Intézményfenntartó Társulás nevében eljáró Mezőnagymihály Község Önkormányzata, mint gesztor","Gelej, Mezőnagymihály"
Intézményi Társulás nevében eljáró Gesztor-Lakitelek Nagyközség Önkormányzata,Lakitelek
"Veszprém-Eplény Települések Alapfokú Oktatási Intézményfenntartó Társulása, Veszprém-Felsőörs Települések Alapfokú Oktatási Intézményfenntartó Társulás nevében, valamint saját nevében Veszprém Megyei Jogú Város Önkormányzata","Felsőörs, Eplény, Veszprém"
Alsózsolca Város Önkormányzat Polgármesteri Hivatal,Alsózsolca
Sajóhídvég-Berzélk Iskolafenntartó Társulás nevében eljáró Sajóhídvég Község Önkormányzata mint gesztor,Sajóhídvég
Oktatási Nevelési Intézményi Társulás nevében eljáró Záhony Város Önkormányzata mint gesztor,Záhony
"Bánréve-Sajópüspöki-Serényfalva-Hét Iskola Intézményfenntartó Társulás nevében Községi Önkormányzat Bánréve, mint gesztor","Hét, Bánréve, Sajópüspöki, Serényfalva"
Községi Önkormányzat Gyöngyöspata,Gyöngyöspata
Somogyjádi Integrált Mikrotérségi Közoktatási Társulás nevében Mezőcsokonya Község Önkormányzata mint gesztor,"Somogyjád, Mezőcsokonya"
Petőfibánya Község Önkormányzata,Petőfibánya
"Baracs-Kisapostag-Előszállás Közoktatási Intézményi Társulás nevében eljáró Baracs Község Önkormányzata, mint gesztor","Baracs, Előszállás, Kisapostag"
Csót Község Önkormányzata,Csót
Bagamér Nagyköség Önkormányzat,Bagamér
Rábapatona Község Önkormányzata,Rábapatona
"Pétervására város, Erdőkövesd, Váraszó, Ivád, és Kisfüzes községek Társult Képviselőtestülete","Pétervására, Kisfüzes, Váraszó, Ivád, Erdőkövesd"
Timár Község Önkormányzata,Timár
Markaz Község Önkormányzata,Markaz
"Siklós-Maty-Vokány-Kistótfalu Közoktatási Intézményfenntartó Társulás nevében eljáró Siklós Város Önkormányzata, mint gesztor","Vokány, Siklós, Kistótfalu"
Bánhorváti Község Önkormányzata,Bánhorváti
"Ináncs, Hernádszentandrás és Hernádbűd Községek Önkormányzatainak Általános Iskola Fenntartó Társulása nevében eljáró Ináncs Község Önkormányzata","Ináncs, Hernádszentandrás, Hernádbűd"
"Kisbajcs, Nagybajcs, Vámosszabadi és Vének Községek Közoktatási Intézményi Társulása nevében eljáró Kisbajcs Község Önkormányzata","Vámosszabadi, Kisbajcs, Nagybajcs, Vének"
Siófok Város Önkormányzata,Siófok
Fejér Megyei Önkormányzat,Székesfehérvár
Bélapátfalva Város Önkormányzata,Bélapátfalva
Füzesabony Város Önkormányzata,Füzesabony
Gádoros-Eperjes Intézményfenntartó Társulás nevében eljáró Gádoros Nagyközség Önkormányzata,"Gádoros, Eperjes"
Gyomaendrőd-Csárdaszállás-Hunya Intézményi Társulás nevében eljáró Gyomaendrőd Város Önkormányzata gesztorönkormányzat,"Csárdaszállás, Gyomaendrőd, Hunya"
Pécsváradi Közoktatási Intézményfenntartó Társulás nevében eljáró Pécsvárad Város Önkormányzata,Pécsvárad
"Csolnok és Környéke Közoktatási Intézményfenntartó Társulás nevében, Csolnok Község Önkormányzata",Csolnok
Nyírtelek Város Önkormányzata,Nyírtelek
Mátészalka Kossuth téri Református Egyházközség,Mátészalka
Babócsai óvodai nevelési és alapfokú közoktatási feladatok Intézményfenntartó Társulás nevében eljáró Babócsa Község Önkormányzata,Babócsa
"Intézményfenntartó társulás nevében eljáró Tarján Község Önkormányzata, mint gesztor",Tarján
Harangod Völgyi Önkormányzati Közoktatási Társulás nevében eljáró Megyaszó Község Önkormányzata,Megyaszó
Budapest Főváros IX. kerület  Ferencváros Önkormányzata,Budapest
"Nagyvázsony, Barnag, Mencshely, Pula és Vöröstó Önkormányzat Intézményfenntartó Társulása nevében Nagyvázsony Község Önkormányzata","Barnag, Nagyvázsony, Vöröstó, Mencshely, Pula"
Fényeslitke Község Önkormányzata,Fényeslitke
Simontornya Város Önkormányzata - Simontornyai Közoktatási Intézményfenntartó Társulás képviselője,Simontornya
Soltvadkert Város Önkormányzata,Soltvadkert
Bokod Község Önkormányzata,Bokod
"Csabrendek, Hosztót, Szentimrefalva, Veszprémgalsa, Zalaszegvár Községek Közös Fenntartású Általános Iskola Közoktatási Intézményi Társulása nevében eljáró Csabrendek Község Önkormányzat","Csabrendek, Zalaszegvár, Veszprémgalsa, Szentimrefalva, Hosztót"
Pap Község Önkormányzata,Pap
"Balassagyarmat, Ipolyszög, Patvarc és Hugyag Közoktatási Intézményfenntartó Társulás nevében eljáró Balassagyarmat Város Önkormányzata","Hugyag, Balassagyarmat, Ipolyszög, Patvarc"
Zalakaros Város Önkormányzata,Zalakaros
Öttevény Község Önkormányzata,Öttevény
Bakonynána és Dudar Közoktatási Társulás nevében eljáró Bakonynána Község Önkormányzata,"Bakonynána, Dudar"
Debrecen Megyei Jogú Város Önkormányzata,Debrecen
Balatonszemes-Balatonőszöd Iskola és Óvoda Intézményfenntartói Társulás nevében eljáró Balatonszemes Község Önkormányzata,"Balatonőszöd, Balatonszemes"
"ALDEBRŐ KÖZSÉGI ÖNKORMÁNYZAT, mint konzorciumvezető Aldebrő és Tófalu Községek Önkormányzatainak Konzorciuma nevében","Tófalu, Aldebrő"
"Martfű és Mezőhék Közoktatási Intézményfenntartó Társulása nevében Martfű Város Önkormányzata, mint gesztor","Martfű, Mezőhék"
Iregszemcse Község Önkormányzata-Iregszemcse Közös Iskola Fenntartó Társulás gesztoraként,Iregszemcse
"Csaholc, Vámosoroszi, Túrricse, Mánd és Penyige Önkormányzatok Közoktatási Intézményfenntartó Társulás","Csaholc, Túrricse, Penyige, Vámosoroszi, Mánd"
Foktő Község Önkormányzata,Foktő
Demjén Község Önkormányzata,Demjén
"Szamosmenti Nevelési, Oktatási Intézményfenntartó Társulás nevében eljáró Cégénydányád Község Önkormányzata, mint gesztor",Cégénydányád
Karancsság Község Önkormányzata,Karancsság
"Pályázó: Becsehely Község Önkormányzata A beruházással érintett Becsehelyi Általános Művelődési Központ, Általános Iskola és Könyvtár OM azonosítója: 037621",Becsehely
Bogád Község Önkormányzata,Bogád
"Cigándi Intézményfenntartó Társulás nevében eljáró Cigánd Város Önkormányzata, mint gesztor",Cigánd
Vasmegyer Község Önkormányzata,Vasmegyer
Egerszalók Község Önkormányzata,Egerszalók
Dunakiliti - Feketeerdő -Dunasziget Közoktatási Társulás nevében eljáró Dunakiliti Község Önkormányzata mint gesztor,"Dunakiliti, Dunasziget, Feketeerdő"
Sárszentmihály Község Önkormányzata,Sárszentmihály
Tiszaszalka és környéke Közoktatási Társulás nevében eljáró Tiszaszalka Község Önkormányzata mint gesztor,Tiszaszalka
"Községi Önkormányzat, Csány",Csány
Vértesszőlős Község Önkormányzata,Vértesszőlős
Hajdúnánás Városi Önkormányzat,Hajdúnánás
Szentpéterúr Község Önkormányzata,Szentpéterúr
Jánosháza Nagyközség Önkormányzata,Jánosháza
Balatonlelle Város Önkormányzata,Balatonlelle
"Közoktatási Intézményeket Fenntartó Társulás nevében eljáró Nemesvámos Község Önkormányzata, mint gesztor",Nemesvámos
"Szil, Sopronnémeti, Zsebeháza, Páli, Rábasebes, Szilsárkány, Egyed,Rábacsanak,Vág önkormányzatainak Körz.-i Ált. Isk. és Alapfokú Művészetoktatási Intézmény társulása nevében Szil Község Önkormányzata","Vág, Rábacsanak, Sopronnémeti, Szil, Egyed, Rábasebes, Szilsárkány, Páli, Zsebeháza"
Győri Evangélikus Egyházközség,Győr
Felső-Bódvavölgye Általános Iskola Közoktatási Intézményi Társulás nevében eljáró Szendrő Város Önkormányzata,Szendrő
Miskolc-Tetemvári Református Egyházközség,Miskolc
Szank Községi Önkormányzat,Szank
Salgótarján-Mátraszele Általános Iskolai Társulás nevében eljáró Salgótarján Megyei Jogú Város Önkormányzata,"Salgótarján, Mátraszele"
"Baktalórántháza-Nyírjákó Közoktatási Társulás nevében eljáró Baktalórántháza Város önkormányzata, mint gesztor","Nyírjákó, Baktalórántháza"
Rakaca Község Önkormányzata,Rakaca
Budapest Főváros XII. Kerület Hegyvidéki Önkormányzat,Budapest
Győrújbarát Község Önkormányzata,Győrújbarát
Alsómocsoládi Községfejlesztő és Szolgáltató Nonprofit Korlátolt Felelősségű Társaság és Alsómocsolád Község Önkormányzata Konzorciuma,Alsómocsolád
Kulcs Község Önkormányzata,Kulcs
Hajmáskér Község Önkormányzata,Hajmáskér
Közoktatási Intézményi Társulás nevében eljáró Borsfa Község Önkormányzata,Borsfa
Répcelak Város Önkormányzata,Répcelak
Kópháza Község Önkormányzata,Kópháza
Doboz Nagyközség Önkormányzata,Doboz
Ugod-Homokbödöge-Bakonykoppány-Bakonyszücs-Nagytevel-Adásztevel községek Intézményfentartó Társulása nevében eljáró Ugod Község Önkormányzata,"Ugod, Adásztevel, Bakonykoppány, Bakonyszücs, Nagytevel, Homokbödöge"
"Székesfehérvár- Magyaralmás-,Székesfehérvár- Sárkeresztes-, Székesfehérvár- Pátka-, Székesfehérvár- Jenő Közoktatási Intézményi Társulás, valamint saját nevében eljáró Székesfehérvár Megyei Jogú Város Önkormányzata","Sárkeresztes, Székesfehérvár, Pátka, Magyaralmás, Jenő"
Jászszentandrás Községi Önkormányzat,Jászszentandrás
Nagyecsedi Református Egyházközség,Nagyecsed
"Biharkeresztes székhelyű Közoktatási és Pedagógiai Szakszolgálati Társulás nevében Biharkeresztes Város Önkormányzata, mint gesztor",Biharkeresztes
Besenyszög-Tiszasüly Közoktatási Intézményfenntartó Társulás nevében eljáró Besenyszög Város Önkormányzata,"Tiszasüly, Besenyszög"
Közoktatási Intézményfenntartó Társulás Tornyospálca nevében eljáró Tornyospálca Község Önkormányzata mint gesztor,Tornyospálca
Csákánydoroszló Község Önkormányzata,Csákánydoroszló
Tiszalúc Nagyközség Önkormányzata,Tiszalúc
Egercsehi - Hevesaranyos - Bátor - Szúcs Közoktatási Intézményfenntartó Mikrotérségi Társulás nevében eljáró Egercsehi Község Önkormányzata,"Egercsehi, Szúcs, Hevesaranyos, Bátor"
Mezőszentgyörgy Község Önkormányzata,Mezőszentgyörgy
Tiszabercel Község Önkormányzata,Tiszabercel
"PARKING Szervező, Fejlesztő és Tanácsadó Korlátolt Felelősségű Társaság  Konzorciumi megállapodás keretében további partnerek: Szigetszentmiklós Város Önkormányzata, BKV Zrt.",Szigetszentmiklós
Nagyvarsányi és Újkenézi Közoktatási Intézményfenntartó Társulás nevében Nagyvarsány Község Önkormányzata mint gesztor,"Nagyvarsány, Újkenéz"
Sarkad - Kötegyán - Újszalonta Közoktatási Intézményfenntartó Társulás nevében Sarkad Város Önkormányzata,"Újszalonta, Kötegyán, Sarkad"
Létavértes Városi Önkormányzat,Létavértes
Szegvár-Martély Közoktatási Intézményfenntartó Társulás nevében eljáró Szegvár Község Önkormányzata,Szegvár
Koroncó Község Önkormányzata,Koroncó
Tiszaszentmárton Község Önkormányzata,Tiszaszentmárton
Olaszliszka Község Önkormányzat,Olaszliszka
Községi Önkormányzat Sopronhorpács,Sopronhorpács
Tiszatenyő Községi Önkormányzat,Tiszatenyő
Sáta Községi Önkormányzat,Sáta
Baj Község Önkormányzata,Baj
"Nagykörű-Kőtelek Közoktatási Intézményfenntartó Társulás nevében Kőtelek Község Önkormányzata, mint gesztor","Kőtelek, Nagykörű"
Mátyásdomb Község Önkormányzata,Mátyásdomb
Iváncsa Község Önkormányzata,Iváncsa
Kékcse Község Önkormányzata,Kékcse
Visznek-Erk Közoktatási Intézményfenntartó nevében Visznek Községi Önkormányzat gesztor Önkormányzat,"Erk, Visznek"
Kémes Község Önkormányzata,Kémes
Szalonna Község Önkormányzata,Szalonna
Tuzsér Nagyközség Önkormányzata,Tuzsér
"Harkány és Térsége Közoktatási Intézmény Társulás nevében eljáró Harkány Város Önkormányzata, mint Gesztor",Harkány
Gyűr Menti Települések Iskolatársulása nevében eljáró önkormányzat: Gyömöre Község Önkormányzata,Gyömöre
Fényeslitke és Komoró települések önkormányzatainak közoktatási intézményfenntartó társulása közös igazgatású Általános Iskola és Óvoda közoktatási intézmény,"Fényeslitke, Komoró"
Vámospércs Városi Önkormányzat,Vámospércs
Közoktatási Intézményfenntartó Társulás nevében eljáró Győrvár Község Önkormányzata mint gesztor,Győrvár
Dunaföldvár-Bölcske-Madocsa Közoktatási Intézményfenntartó Társulás Dunaföldvár Város Önkormányzata gesztorönkormányzat,"Bölcske, Dunaföldvár, Madocsa"
Községi Önkormányzat Tiszatelek,Tiszatelek
Kerekegyháza Város Önkormányzata,Kerekegyháza
Csetény-Szápár Önkormányzatok Általános Iskolai és Óvodai Intézményi Társulása nevében Csetény Község Önkormányzata,"Szápár, Csetény"
Szendehely Község Önkormányzata,Szendehely
Putnok-Kelemér-Gömörszőlős Közoktatási Intézményfenntartói Társulás nevében eljáró Putnok Város Önkormányzata,"Gömörszőlős, Kelemér, Putnok"
Döge Község Önkormányzata,Döge
Tótvázsony Község Önkormányzata,Tótvázsony
Balatoncsicsó Község Önkormányzata,Balatoncsicsó
Lánycsók Községi Önkormányzat,Lánycsók
Szederkényi Általános Iskola Intzményfenntartó Társulás nevében Szederkény Községi Önkormányzat,Szederkény
Balástya-Ópusztaszer Közoktatási Intézményfenntartó Társulás Általános Iskolája és Óvodája nevében eljáró Balástya Község Önkormányzata,"Balástya, Ópusztaszer"
Kecskemét Megyei Jogú Város Önkormányzata és Szolnok Megyei Jogú Város Önkormányzata által létrehozott konzorcium,"Kecskemét, Szolnok"
Hosszúpályi Mikro Térségi Közoktatási Intézményi Társulás nevében eljáró Hosszúpályi Község Önkormányzata mint gesztor,Hosszúpályi
Nyírbogát Nagyközség Önkormányzata,Nyírbogát
Kiszombor Nagyközség Önkormányzata,Kiszombor
"Nagyalásony, Vid, Kisszőlős, Pápasalamon, Dabrony, Somlóvecse, Somlószőlős,  Dáka községek Közoktatási Intézményfenntartó Társulása nevében  Nagyalásony Község Önkormányzata mint gesztor.","Dáka, Dabrony, Somlószőlős, Pápasalamon, Nagyalásony, Somlóvecse, Kisszőlős, Vid"
Intézményfenntartói Társulás nevében eljáró Rétság Város Önkormányzata mint Gesztor,Rétság
Bük Város Önkormányzata,Bük
Kölesd-Kistormás-Udvari Iskolafenntartó Társulás nevében eljáró Kölesd Község Ökormányzata,"Kistormás, Udvari, Kölesd"
Balatonkenese - Balatonvilágos - Küngös Alapfokú Művészetoktatási Intézményi Társulás nevében eljáró Balatonkenese Város Önkormányzata,"Balatonkenese, Balatonvilágos, Küngös"
Abasár Község Önkormányzata,Abasár
Borsodszirák Községi Önkormányzat,Borsodszirák
Kesztölc Község Önkormányzata,Kesztölc
Noszlop Község Önkormányzata,Noszlop
Orosházi Evangélikus Egyházközség,Orosháza
Vál Község Önkormányzata,Vál
Községi Önkormányzat,
HAJDÚNÁNÁSI REFORMÁTUS EGYHÁZKÖZSÉG,Hajdúnánás
Szentbalázs Község Önkormányzata,Szentbalázs
Ököritófülpös Nagyközség Önkormányzata,Ököritófülpös
Derecske Város Önkormányzata,Derecske
Lőrinci Város Önkormányzata,Lőrinci
Nyírkarász Község Önkormányzata,Nyírkarász
"Alsónemesapáti, Nemesapáti Községek Önkormányzatának Közoktatási Intézményeket Fenntartó Társulása nevében eljáró gesztor-Alsónemesapáti Község Önkormányzata","Nemesapáti, Alsónemesapáti"
Mocsáry Antal Iskolafenntartó Társulás nevében eljáró Karancslapujtő Község Önkormányzata,Karancslapujtő
"Id. Szabó István Általános Iskola, Óvoda és Körzeti Könyvtár Intézményfenntartó Társulása nevében eljáró Cered Község Önkormányzata",Cered
Szentlőrinci Kistérség Többcélú Önkormányzati Társulás,Szentlőrinc
Nyírgyulaj község Önkormányzata,Nyírgyulaj
Dunaszeg Község Önkormányzata,Dunaszeg
Őrhalom-Csitár-Iliny-Közoktatási Társulás nevében Őrhalom Községi Önkormányzat,"Őrhalom, Iliny, Csitár"
Szomód Község Önkormányzata,Szomód
"Iskolai Intézményi Társulás nevében Sümeg Város Önkormányzata, mint gesztor",Sümeg
Öskü Község Önkormányzata Polgármesteri Hivatal,Öskü
"Körmendi Mikrotérségi Közoktatási Intézményfenntartó Társulás, gesztora: Körmend Város Önkormányzata",Körmend
Nyírkáta Község Önkormányzata,Nyírkáta
Rákócziújfalu Községi Önkormányzat,Rákócziújfalu
Tiszanagyfalu Község Önkormányzat Polgármesteri Hivatal,Tiszanagyfalu
Tákos Község Önkormányzata,Tákos
Borsódbóta és Uppony Községi Önkormányzatok Fenntartói Társulása,Uppony
"Beremend, Kásád, Kistapolca Intézményt Fenntartó Társulás nevében Beremend Nagyközség Önkormányzata mint gesztor","Kásád, Kistapolca, Beremend"
Hegyeshalom Nagyközség Önkormányzata,Hegyeshalom
Somogyjádi Integrált Mikrotérségi Közoktatási Társulás nevében Somogyjád Község Önkormányzata,Somogyjád
Budaörs Város Önkormányzat,Budaörs
Eperjeske Község Önkormányzata,Eperjeske
Tótvázsony és Hidegkút Önkormányzatok Általános Iskolája nevében Tótvázsony Község Önkormányzata,"Tótvázsony, Hidegkút"
"Fazekas József Általános Iskola, Napközi otthonos Óvoda és Bölcsöde Intézményfenntartó Társulás nevében eljáró Sümegcsehi Község Önkormányzata",Sümegcsehi
"Hejőkeresztúr-Hejőszalonta-Szakáld Intézményfenntartó Társulás nevében Hejőkeresztúr Községi Önkormányzat, mint Gesztor","Hejőkeresztúr, Hejőszalonta, Szakáld"
Fülöp Község Önkormányzat,Fülöp
"Felsőszölnök-Alsószölnök Községek Közoktatási Intézményfenntartó Társulása nevében eljáró Felsőszölnök Község Önkormányzata, mint gesztor","Alsószölnök, Felsőszölnök"
Jókai Mór Összevont Általános Művelődési Központ nevében eljáró Szilvásvárad Község Önkomrányzata,"Mór, Szilvásvárad"
"Somogyszob, Kaszó, Bolhás Közoktatási Intézményfenntartó Társulás nevében eljáró Somogyszob Községi Önkormányzata","Bolhás, Kaszó, Somogyszob"
Csorna-Farád Napköziotthonos Óvoda Intézményfenntartó Társulás nevében eljáró Csorna Város Önkormányzata mint gesztor,"Farád, Csorna"
"Demecser, Berkesz és Székely Települések Önkormányzatainak Közoktatási Intézmény- fenntartó Társulása a Demecseri Oktatási Centrum többcélú közoktatási intézmény nevében eljáró Demecser Város Önkormányzata","Demecser, Székely, Berkesz"
Nagyközségi Önkormányzat Pocsaj,Pocsaj
Vaja Város Önkormányzat,Vaja
Zalalövő és környező települések általános iskolára szóló Intézményfenntartó Társulása nevében eljáró Zalalövő Város Önkormányzata mint gesztor,Zalalövő
Zirc Város Önkormányzata,Zirc
Őr Község Önkormányzata,Őr
Aranyosapáti Község Önkormányzata,Aranyosapáti
Heréd-Nagykökényes-Kerekharaszt Általános Iskolai Intézményfenntartó Társulás nevében eljáró Heréd Községi Önkormányzat mint gesztor,"Kerekharaszt, Nagykökényes, Heréd"
Dunaszentgyörgy és Fácánkert Önkormányzatok Alapfokú Oktatási és Nevelési Intézményfenntartó Társulása,"Dunaszentgyörgy, Fácánkert"
Közoktatási Intézményi Társulás - Balatonfüred nevében eljáró Balatonfüred Város Önkormányzata,Balatonfüred
Tiszakerecseny és környéke Közoktatási Társulás nevében Községi Önkormányzat Tiszakerecseny mint gesztor,Tiszakerecseny
Táplánszentkereszt és Környéke Közoktatási Intézményfenntartó Társulás nevében eljáró Táplánszentkereszt község Önkormányzata,Táplánszentkereszt
Apc Község Önkormányzata,Apc
Környe Község Önkormányzata,Környe
"Jáki Nagy Márton Általános Iskola Társulás nevében Ják Község Önkormányzata, mint Gesztor",Ják
"Kemenesmagasi, Szergény, Vönöck Általános Iskolai Társulás nevében eljáró Kemenesmagasi Község Önkormányzata","Vönöck, Kemenesmagasi, Szergény"
Kaposvár Megyei jogú város Önkormányzata,Kaposvár
"Halászi és Püski Községek Közoktatási Intézménytársulás nevében eljáró Halászi Község Önkormányzata, mint Gesztor","Püski, Halászi"
Forró Község Önkormányzata,Forró
Hejőpapi Község Önkormányzata,Hejőpapi
Csökmő Nagyközség és Újiráz Község Önkormányzatainak Alapfokú Közoktatási Intézményfenntartó Társulása nevében Csökmő Nagyközség Önkormányzata mint gesztor,"Újiráz, Csökmő"
Hosszúhetény Község Önkormányzata,Hosszúhetény
Tiszaeszlár Község Önkormányzata,Tiszaeszlár
Tompa Város Önkormányzata,Tompa
"Bódvaszilasi Iskolafenntartói Társulás nevében Bódvaszilas Községi Önkormányzat, mint gesztor",Bódvaszilas
Csárdaszállás Községi Önkormányzata,Csárdaszállás
Kölcse-Sonkád-Fülesd Alapfokú Oktatási Társulás nevében eljáró Kölcse Nagyközségi Önkormányzat,"Kölcse, Sonkád, Fülesd"
Általános Iskola Fenntartó Társulás Őriszentpéter nevében eljáró Őriszentpéter Város Önkormányzata,Őriszentpéter
"Kondoros-Kardos Köznevelési Intézményfenntartó Társulás nevében Kondoros Város Önkormányzata, mint gesztor","Kondoros, Kardos"
Szorgalmatos Község Önkormányzata,Szorgalmatos
"Berkesd-Ellend-Pereked-Szilágy-Romonya Önkormányzatok Intézményirányító Társulása nevében eljáró Berkesd Községi Önkormányzat, mint gesztor","Berkesd, Pereked, Romonya, Ellend, Szilágy"
Iszkaszentgyörgy Község Önkormányzata,Iszkaszentgyörgy
Böhönye Mikrokörzetének Intézményfenntartó Közoktatási Társulása nevében eljáró Böhönye Község Önkormányzata,Böhönye
Nyírtét Község Önkormányzat,Nyírtét
Deszk Község Önkormányzata,Deszk
"Segesd - Tarany Községek Közoktatási Intézményfenntartó Társulása nevében Segesd Község Önkormányzata, mint gesztor","Segesd, Tarany"
Tét Város Közoktatási Intézmény Fenntartó Társulás nevében Tét Város Önkormányzata mint gesztor,Tét
Szentes Nagytemplomi Református Egyházközség,Szentes
Vép Város Önkormányzata,Vép
Gyomaendrőd Város Önkormányzata,Gyomaendrőd
KÖZÉP-BÉKÉSI TÉRSÉG IVÓVÍZMINŐSÉG-JAVÍTÓ ÖNKORMÁNYZATI TÁRSULÁS,Békés
Tiszajenő Község Önkormányzat,Tiszajenő
Községi Önkormányzat Nőtincs,Nőtincs
Nemesvámos Község Önkormányzata,Nemesvámos
"Dunaföldvár, Bölcske, Madocsa Intézményfenntartó Társulás nevében Dunaföldvár Város Önkormányzata mint gesztor","Bölcske, Dunaföldvár, Madocsa"
Tarpa Nagyközség Önkormányzat,Tarpa
Szajol Község Önkormányzata,Szajol
Újszász Város Önkormányzata,Újszász
Gesztely Község Önkormányzata,Gesztely
"Sárbogárd Város-Nagylók Közoktatási Intézményfenntartó Társulás nevében eljáró Sárbogárd Város Önkormányzata mint gesztor,valamint saját nevében eljáró Sárbogárd Város Önkormányzata","Nagylók, Sárbogárd"
"Somogysámson, Somogyzsitva és Csákány Alapfokú Oktatási Intézményfenntartó Társulása nevében Somogysámson Község Önkormányzata mint gesztor","Csákány, Somogysámson"
Petneháza Község Önkormányzata,Petneháza
Mezőberény Város Önkormányzat Képviselő-testülete,Mezőberény
"Zalabér - Zalavég Községek Intézményfenntartó Társulása a Zalabéri Általános Iskola és Művészetoktatási Intézmény, Óvoda közös működtetésére Zalabér Község Önkormányzata","Zalavég, Zalabér"
Tiszakóród-Tiszacsécse-Milota Községi Önkormányzatok Közoktatási Intézményfenntartó Társulása nevében eljáró Tiszakóród Község Önkormányzata mint gesztor,"Milota, Tiszakóród, Tiszacsécse"
Községi Önkormányzat Szendrőlád,Szendrőlád
Rozsály Nagyközség Önkormányzata,Rozsály
Kelebia Község Önkormányzata,Kelebia
Tiszadob Nagyközség Önkormányzata,Tiszadob
Pátroha Község Önkormányzata,Pátroha
Pereszteg Község Ökormányzata,Pereszteg
"Csenger Mikrotérségi Közoktatái Intézményfenntartó Társulás nevében Csenger Város Önkormányzata, mint gesztor",Csenger
Települési Önkormányzat Zalahaláp,Zalahaláp
Bogyiszló-Fácánkert Közoktatási Intézményi Társulás nevében Bogyiszló Község Önkormányzata,"Bogyiszló, Fácánkert"
Pusztakovácsi és Környéke Mikrotérségi Közoktatási Intézményi Társulás nevében Pusztakovácsi Községi Önkormányzat mint gesztor,Pusztakovácsi
Táp Község Önkormányzata,Táp
Pusztaszabolcs Város Önkormányzata,Pusztaszabolcs
Mezőlak Község Önkormányzata mint gesztorönkormányzat (Mihályháza),"Mezőlak, Mihályháza"
Mezőberény Város Önkormányzata,Mezőberény
Mány Község Önkormányzata,Mány
Mosonszolnok Önkormányzata,Mosonszolnok
Szentpéterfa község önkormányzata,Szentpéterfa
Nagyrábé Nagyközség Önkormányzata,Nagyrábé
Rohod Község Önkormányzata,Rohod
Zalakomár Község Önkormányzata,Zalakomár
"Kesznyéten - Nagycsécs Községek Általános Iskolai Intézményfenntartó Társulása nevében  Kesznyéten Község Önkormányzata, mint gesztor","Nagycsécs, Kesznyéten"
Kisláng Község Önkormányzata,Kisláng
Fábiánháza Község Önkormányzata,Fábiánháza
Tamási Városkörnyéki Önkormányzatok Közoktatási Társulása nevében eljáró Tamási Város Önkormányzata,Tamási
Gyöngyös-Pálosvörösmart Intézményfenntartó Társulás nevében eljáró Gyöngyös Város Önkormányzata,"Pálosvörösmart, Gyöngyös"
Berekfürdő Községi Önkormányzata,Berekfürdő
Mocsa Község Önkormányzata,Mocsa
Jászalsószentgyörgy Községi Önkormányzat,Jászalsószentgyörgy
Községi Önkormányzat Nagyesztergár,Nagyesztergár
Székesfehérvári Református Egyházközség,Székesfehérvár
"Általános Iskola és Óvoda Intézményi Társulás nevében eljáró Nagykapornak Község Önkormányzata, mint gesztor",Nagykapornak
Iskolafenntartó Társulás nevében eljáró Egyházasrádóc Község Önkormányzata,Egyházasrádóc
Nyírbogdány Község Önkormányzata,Nyírbogdány
Berente Község Önkormányzata,Berente
Pécs Megye Jogú Város Önkormányzata,Pécs
Gönci Közoktatási Intézményfenntartó Társulás nevében Városi Önkormányzat Gönc,Gönc
Nyíracsád Községi Önkormányzat,Nyíracsád
"Lenti Város és Mikekarácsonyfa Község Önkormányzati Általános Iskolai Intézményfenntartó Társulása, valamint Közoktatási Intézményfenntartó Társulás nevében Lenti Város Önkormányzata","Mikekarácsonyfa, Lenti"
Töltéstava Község Önkormányzata,Töltéstava
Mohács Város Önkormányzata,Mohács
Térségi Intézményi Társulás nevében eljáró Kistelek Város Önkormányzat,Kistelek
MISKOLC MEGYEI JOGÚ VÁROS ÖNKORMÁNYZATA,Miskolc
Máriapócs Város Önkormányzat,Máriapócs
Piricse Község Önkormányzata,Piricse
Alsópáhok község Önkormányzata,Alsópáhok
"Tiszapalkonya, Oszlár és Hejőkürt Közoktatási Intézményi Társulás nevében eljáró Tiszapalkonya Község Önkormányzata","Tiszapalkonya, Oszlár, Hejőkürt"
"Általános és Alapfokú Művészeti Iskola Gyenesidás- Várvölgy Közös Fenntartású Nevelési-Oktatási Intézmény nevében Gyenesidás Nagyközség Önkormányzata, mint gesztor",Várvölgy
Harka Községi Önkormányzat Polgármesteri Hivatala,Harka
"Általános Iskola,Óvoda Zalaapáti Intézményi Társulás nevében eljáró Zalaapáti Község Önkormányzata mint gesztor",Zalaapáti
Általános Iskolai Intézményi Társulás nevében eljáró Gersekarát Község Önkormányzata mint gesztor,Gersekarát
Bagod Község Önkormányzata,Bagod
Abda-Börcs-Ikrény Községek Közoktatási Intézményi Társulás nevében eljáró Abda Község Önkormányzata,"Abda, Ikrény, Börcs"
"Rudabánya, Felsőtelekes, Alsótelekes és Kánó települések Közoktatási-Óvodai Intézményfenntartó Társulás nevében eljáró Rudabánya Város Önkormányzata mint gesztor","Felsőtelekes, Alsótelekes, Rudabánya, Kánó"
"Mezőkövesd, Bükkzsérc, Cserépfalu, Cserépváralja, és Tard települések Közoktatási Intézményfenntartói Társulása nevében Mezőkövesd Város Önkormányzata mint gesztor","Bükkzsérc, Tard, Cserépfalu, Mezőkövesd, Cserépváralja"
Kaposvári Református Egyházközség,Kaposvár
Székkutas Község Önkormányzata,Székkutas
"Vaszar, Gecse, Takácsi Önkormányzatok Általános Iskolai Intézményi Társulása nevében Vaszar Község Önkormányzata mint gesztor","Takácsi, Vaszar, Gecse"
"Tiszafüredi Mikrotérségi Közoktatási Intézményi Társulás nevében Tiszafüred Város Önkormányzata, mint gesztor",Tiszafüred
Nyírmeggyes Község Önkormányzata,Nyírmeggyes
Siklós - Máriagyűd Református Társegyházközség,Siklós
TISZTA VÍZ IVÓVÍZMINŐSÉG-JAVÍTÓ ÖNKORMÁNYZATI TÁRSULÁS,
Endrefalva-Szécsényfelfalu-Piliny Közoktatási Intézményfenntartói Társulás nevében eljáró Endrefalva Községi Önkormányzat,"Szécsényfelfalu, Endrefalva, Piliny"
Vác Város Önkormányzata,Vác
Községi Önkormányzat Bodrogolaszi,Bodrogolaszi
Csengersima Község Önkormányzat,Csengersima
Csele-völgye Közoktatási Intézményfenntartó Társulás nevében eljáró Somberek Község Önkormányzata mint Gesztor,Somberek
Dél-borsodi Alapfokú Iskola-fenntartó Társulás nevében eljáró Szentistván Nagyközség Önkormányzata,Szentistván
Pogányvölgyi Többcélú Kistérségi Társulás nevében eljáró Öreglak Község Önkormányzata,Öreglak
Okány-Sarkadkeresztúr Közoktatási Intézményi Társulás nevében Okány Község Önkormányzata,"Okány, Sarkadkeresztúr"
Jászkisér Város Önkormányzata,Jászkisér
Intézményfenntartói Társulás nevében eljáró Litér Község Önkormányzata - Gesztor önkormányzat,Litér
"Majs-Udvar Közoktatási Intézményfenntartó Társulás nevében eljáró Majs Község Önkormányzata, mint gesztor","Majs, Udvar"
"Jánossomorja, Újrónafő, Várbalog Települések Intézményfenntartó Társulása nevében Jánossomorja Város Önkormányzata mint gesztor","Újrónafő, Várbalog, Jánossomorja"
Lippó Község Önkormányzata,Lippó
Tarnaörs - Boconád Általános Művelődési Központ Intézményfenntartó Társulás nevében Tarnaörs Község Önkormányzata mint gesztor.,"Boconád, Tarnaörs"
Szalkszentmárton Község Önkormányzata,Szalkszentmárton
Mohács-Sátorhely-Székelyszabar-Homorúd-Bár Közoktatási Intézményfenntartó Társulás nevében Mohács Város Önkormányzata mint gesztor,"Székelyszabar, Mohács, Homorúd, Sátorhely, Bár"
Intézményfenntartó Társulás nevében eljáró Települési Önkormányzat Gógánfa,Gógánfa
Szirmabesenyő Nagyközség Önkormányzat,Szirmabesenyő
Söjtör és Pusztaszentlászló Községek Önkormányzati Közoktatási Intézményi Társulása nevében eljáró Söjtör Község Önkormányzata,"Pusztaszentlászló, Söjtör"
Etes Község Önkormányzata,Etes
Pápateszér Község Önkormányzata,Pápateszér
"Általános Iskolai Közoktatási Társulás nevében eljáró Hernádvécse Község Önkormányzat, mint gesztor",Hernádvécse
Martonvásár-Kajászó Közoktatási Intézményi Társulás nevében eljáró Martonvásár Város Önkormányzata mint gesztor,"Martonvásár, Kajászó"
"Mezőcsát, Tiszatarján és Tiszakeszi Települések Közoktatási Intézményfenntartó Társulása nevében eljáró Mezőcsát Város Önkormányzata, mint gesztor","Tiszakeszi, Mezőcsát, Tiszatarján"
Kompolt - Nagyút Intézményfenntartó Mikrotársulás nevében Kompolt Község Önkormányzata mint gesztor,"Kompolt, Nagyút"
"SIOK Siófok-Nagyberény-Balatonendréd-Ádánd Közoktatási Intézményi Társulás nevében eljáró Siófok Város Önkormányzata, mint gesztor","Balatonendréd, Ádánd, Siófok, Nagyberény"
Borzavár Községi Önkormányzat,Borzavár
Berhida Város Önkormányzata,Berhida
"Hajós-Miske-Drágszél Általános Iskola, Óvoda és Könyvtár Közoktatási Intézményfenntartó Társulás nevében Hajós Város Önkormányzata","Miske, Drágszél, Hajós"
Gyöngyöstarján Község Önkormányzata,Gyöngyöstarján
Pápai Evangélikus Egyházközség,Pápa
Derecske és Környéke Általános Iskolai és AMI Társulás képviseletében gesztor önkormányzat: Derecske Város Önkormányzat,Derecske
Tiszakanyár és Újdombrád települések Közoktatási Társulása nevében Tiszakanyár Község Önkormányzata mint gesztor,"Tiszakanyár, Újdombrád"
Maroslele Község Önkormányzata,Maroslele
"Zirc és Környéke Közoktatási Iskolatársulás nevében eljáró Zirc Városi Önkormányzat, mint gesztor",Zirc
Dég Község Önkormányzata,Dég
Vasszécseny Község Önkormányzata,Vasszécseny
Gyöngyösoroszi Község Önkormányzata,Gyöngyösoroszi
Csécse és Szarvasgede Községek Önkormányzatainak Általános Iskolai Intézményfenntartói Társulása nevében eljáró Csécse Község Önkormányzata,"Szarvasgede, Csécse"
Recsk Nagyközség Önkormányzata,Recsk
Mórágy Község Önkormányzata,Mórágy
Bócsa Község Önkormányzata,Bócsa
Püspökmolnári-Rábahídvég Általános Művelődési Központ Intézményfenntartó Társulása nevében eljáró Püspökmolnári Község Önkormányzata mint gesztor,"Püspökmolnári, Rábahídvég"
"Pápakovácsi Környéki Települések Közoktatási Intézményi Társulása nevében eljáró Pápakovácsi Község Önkormányzata, mint gesztor",Pápakovácsi
